450012792 (05:15:00),450012789 (05:16:00),450012786 (05:17:00),450012785 (05:18:00),450012515 (05:18:00),450012522 (05:20:00),450012572 (05:21:00),450012571 (05:21:00),450012350 (05:23:00),450012347 (05:24:00),450012346 (05:24:00),450012344 (05:25:00),450026788 (05:26:00),450024146 (05:28:00),450010964 (05:29:00),450011444 (05:30:00),450011450 (05:30:00),450010965 (05:31:00),450010966 (05:32:00),450010967 (05:33:00),450011436 (05:34:00),450010968 (05:35:00),450010969 (05:36:00),450011440 (05:37:00),450024093 (05:39:00),450010970 (05:40:00),450010664 (05:42:00),450010665 (05:43:00),450012385 (05:44:00),450010679 (05:46:00),450014781 (05:48:00),450014783 (05:49:00),450013985 (05:50:00),450013986 (05:51:00),450013987 (05:52:00),450013988 (05:53:00),450010299 (05:54:00),450010725 (05:55:00),450013998 (05:56:00),450013997 (05:57:00),450013996 (05:57:00),450013934 (05:59:00),450013935 (06:00:00),450013936 (06:00:00),450011021 (06:01:00),450013937 (06:02:00),450013938 (06:03:00),450013939 (06:04:00),450013940 (06:05:00),450010849 (06:06:00),450013748 (06:06:00),450013767 (06:07:00),450013768 (06:08:00),450013769 (06:08:00),450013771 (06:09:00),450010852 (06:10:00)
450012792 (05:45:00),450012789 (05:46:00),450012786 (05:47:00),450012785 (05:48:00),450012515 (05:48:00),450012522 (05:50:00),450012572 (05:51:00),450012571 (05:51:00),450012350 (05:53:00),450012347 (05:54:00),450012346 (05:54:00),450012344 (05:55:00),450026788 (05:56:00),450024146 (05:58:00),450010964 (05:59:00),450011444 (06:00:00),450011450 (06:02:00),450010965 (06:03:00),450010966 (06:04:00),450010967 (06:05:00),450011436 (06:08:00),450010968 (06:10:00),450010969 (06:11:00),450011440 (06:12:00),450024093 (06:14:00),450010970 (06:15:00),450010664 (06:17:00),450010665 (06:18:00),450012385 (06:19:00),450010679 (06:21:00),450014781 (06:23:00),450014783 (06:24:00),450013985 (06:25:00),450013986 (06:26:00),450013987 (06:27:00),450013988 (06:28:00),450010299 (06:29:00),450010725 (06:30:00),450013998 (06:31:00),450013997 (06:32:00),450013996 (06:32:00),450013934 (06:34:00),450013935 (06:35:00),450013936 (06:35:00),450011021 (06:36:00),450013937 (06:37:00),450013938 (06:38:00),450013939 (06:39:00),450013940 (06:40:00),450010849 (06:41:00),450013748 (06:41:00),450013767 (06:42:00),450013768 (06:43:00),450013769 (06:43:00),450013771 (06:44:00),450010852 (06:45:00)
450012792 (06:05:00),450012789 (06:06:00),450012786 (06:07:00),450012785 (06:08:00),450012515 (06:08:00),450012522 (06:10:00),450012572 (06:11:00),450012571 (06:11:00),450012350 (06:13:00),450012347 (06:14:00),450012346 (06:14:00),450012344 (06:15:00),450026788 (06:16:00),450024146 (06:18:00),450010964 (06:19:00),450011444 (06:20:00),450011450 (06:22:00),450010965 (06:23:00),450010966 (06:24:00),450010967 (06:25:00),450011436 (06:28:00),450010968 (06:30:00),450010969 (06:31:00),450011440 (06:32:00),450024093 (06:34:00),450010970 (06:35:00),450010664 (06:37:00),450010665 (06:38:00),450012385 (06:39:00),450010679 (06:41:00),450014781 (06:43:00),450014783 (06:44:00),450013985 (06:45:00),450013986 (06:46:00),450013987 (06:47:00),450013988 (06:48:00),450010299 (06:49:00),450010725 (06:50:00),450013998 (06:51:00),450013997 (06:52:00),450013996 (06:52:00),450013934 (06:54:00),450013935 (06:55:00),450013936 (06:55:00),450011021 (06:56:00),450013937 (06:57:00),450013938 (06:58:00),450013939 (06:59:00),450013940 (07:00:00),450010849 (07:01:00),450013748 (07:01:00),450013767 (07:02:00),450013768 (07:03:00),450013769 (07:03:00),450013771 (07:04:00),450010852 (07:05:00)
450012792 (06:18:00),450012789 (06:19:00),450012786 (06:20:00),450012785 (06:21:00),450012515 (06:21:00),450012522 (06:23:00),450012572 (06:24:00),450012571 (06:25:00),450012350 (06:26:00),450012347 (06:27:00),450012346 (06:28:00),450012344 (06:29:00),450026788 (06:30:00),450024146 (06:32:00),450010964 (06:33:00),450011444 (06:34:00),450011450 (06:35:00),450010965 (06:36:00),450010966 (06:37:00),450010967 (06:38:00),450011436 (06:40:00),450010968 (06:42:00),450010969 (06:44:00),450011440 (06:45:00),450024093 (06:47:00),450010970 (06:49:00),450010664 (06:52:00),450010665 (06:53:00),450012385 (06:54:00),450010679 (06:57:00),450014781 (06:59:00),450014783 (07:00:00),450013985 (07:01:00),450013986 (07:02:00),450013987 (07:03:00),450013988 (07:04:00),450010299 (07:05:00),450010725 (07:06:00),450013998 (07:07:00),450013997 (07:08:00),450013996 (07:08:00),450013934 (07:10:00),450013935 (07:11:00),450013936 (07:11:00),450011021 (07:12:00),450013937 (07:13:00),450013938 (07:14:00),450013939 (07:15:00),450013940 (07:16:00),450010849 (07:17:00),450013748 (07:17:00),450013767 (07:18:00),450013768 (07:19:00),450013769 (07:19:00),450013771 (07:20:00),450010852 (07:21:00)
450012792 (06:31:00),450012789 (06:32:00),450012786 (06:33:00),450012785 (06:34:00),450012515 (06:34:00),450012522 (06:36:00),450012572 (06:37:00),450012571 (06:38:00),450012350 (06:39:00),450012347 (06:40:00),450012346 (06:41:00),450012344 (06:42:00),450026788 (06:43:00),450024146 (06:45:00),450010964 (06:46:00),450011444 (06:47:00),450011450 (06:48:00),450010965 (06:49:00),450010966 (06:50:00),450010967 (06:51:00),450011436 (06:53:00),450010968 (06:55:00),450010969 (06:57:00),450011440 (06:58:00),450024093 (07:00:00),450010970 (07:02:00),450010664 (07:05:00),450010665 (07:06:00),450012385 (07:07:00),450010679 (07:10:00),450014781 (07:12:00),450014783 (07:13:00),450013985 (07:14:00),450013986 (07:15:00),450013987 (07:16:00),450013988 (07:17:00),450010299 (07:18:00),450010725 (07:19:00),450013998 (07:20:00),450013997 (07:21:00),450013996 (07:21:00),450013934 (07:23:00),450013935 (07:24:00),450013936 (07:24:00),450011021 (07:25:00),450013937 (07:26:00),450013938 (07:27:00),450013939 (07:28:00),450013940 (07:29:00),450010849 (07:30:00),450013748 (07:30:00),450013767 (07:31:00),450013768 (07:32:00),450013769 (07:32:00),450013771 (07:33:00),450010852 (07:34:00)
450012792 (06:41:00),450012789 (06:42:00),450012786 (06:43:00),450012785 (06:44:00),450012515 (06:44:00),450012522 (06:46:00),450012572 (06:47:00),450012571 (06:48:00),450012350 (06:49:00),450012347 (06:50:00),450012346 (06:51:00),450012344 (06:52:00),450026788 (06:53:00),450024146 (06:55:00),450010964 (06:56:00),450011444 (06:57:00),450011450 (06:58:00),450010965 (06:59:00),450010966 (07:00:00),450010967 (07:01:00),450011436 (07:03:00),450010968 (07:05:00),450010969 (07:07:00),450011440 (07:08:00),450024093 (07:10:00),450010970 (07:12:00),450010664 (07:15:00),450010665 (07:16:00),450012385 (07:17:00),450010679 (07:20:00),450014781 (07:22:00),450014783 (07:23:00),450013985 (07:24:00),450013986 (07:25:00),450013987 (07:26:00),450013988 (07:27:00),450010299 (07:28:00),450010725 (07:29:00),450013998 (07:30:00),450013997 (07:31:00),450013996 (07:31:00),450013934 (07:33:00),450013935 (07:34:00),450013936 (07:34:00),450011021 (07:35:00),450013937 (07:36:00),450013938 (07:37:00),450013939 (07:38:00),450013940 (07:39:00),450010849 (07:40:00),450013748 (07:40:00),450013767 (07:41:00),450013768 (07:42:00),450013769 (07:42:00),450013771 (07:43:00),450010852 (07:44:00)
450012792 (06:53:00),450012789 (06:54:00),450012786 (06:56:00),450012785 (06:56:00),450012515 (06:57:00),450012522 (07:00:00),450012572 (07:01:00),450012571 (07:02:00),450012350 (07:03:00),450012347 (07:05:00),450012346 (07:06:00),450012344 (07:07:00),450026788 (07:08:00),450024146 (07:11:00),450010964 (07:12:00),450011444 (07:13:00),450011450 (07:14:00),450010965 (07:15:00),450010966 (07:16:00),450010967 (07:17:00),450011436 (07:19:00),450010968 (07:21:00),450010969 (07:23:00),450011440 (07:24:00),450024093 (07:26:00),450010970 (07:28:00),450010664 (07:31:00),450010665 (07:32:00),450012385 (07:33:00),450010679 (07:36:00),450014781 (07:38:00),450014783 (07:39:00),450013985 (07:41:00),450013986 (07:42:00),450013987 (07:44:00),450013988 (07:45:00),450010299 (07:46:00),450010725 (07:47:00),450013998 (07:49:00),450013997 (07:50:00),450013996 (07:51:00),450013934 (07:53:00),450013935 (07:54:00),450013936 (07:55:00),450011021 (07:55:00),450013937 (07:57:00),450013938 (07:58:00),450013939 (07:59:00),450013940 (08:00:00),450010849 (08:01:00),450013748 (08:02:00),450013767 (08:03:00),450013768 (08:04:00),450013769 (08:05:00),450013771 (08:06:00),450010852 (08:07:00)
450012792 (07:03:00),450012789 (07:05:00),450012786 (07:06:00),450012785 (07:07:00),450012515 (07:08:00),450012522 (07:11:00),450012572 (07:12:00),450012571 (07:13:00),450012350 (07:15:00),450012347 (07:16:00),450012346 (07:18:00),450012344 (07:19:00),450026788 (07:21:00),450024146 (07:24:00),450010964 (07:25:00),450011444 (07:26:00),450011450 (07:28:00),450010965 (07:29:00),450010966 (07:30:00),450010967 (07:31:00),450011436 (07:34:00),450010968 (07:36:00),450010969 (07:38:00),450011440 (07:39:00),450024093 (07:41:00),450010970 (07:44:00),450010664 (07:46:00),450010665 (07:48:00),450012385 (07:49:00),450010679 (07:52:00),450014781 (07:54:00),450014783 (07:55:00),450013985 (07:57:00),450013986 (07:58:00),450013987 (08:00:00),450013988 (08:01:00),450010299 (08:02:00),450010725 (08:03:00),450013998 (08:05:00),450013997 (08:06:00),450013996 (08:07:00),450013934 (08:09:00),450013935 (08:10:00),450013936 (08:11:00),450011021 (08:11:00),450013937 (08:13:00),450013938 (08:14:00),450013939 (08:14:00),450013940 (08:16:00),450010849 (08:17:00),450013748 (08:18:00),450013767 (08:19:00),450013768 (08:19:00),450013769 (08:20:00),450013771 (08:21:00),450010852 (08:22:00)
450012792 (07:14:00),450012789 (07:16:00),450012786 (07:17:00),450012785 (07:18:00),450012515 (07:19:00),450012522 (07:22:00),450012572 (07:23:00),450012571 (07:24:00),450012350 (07:26:00),450012347 (07:27:00),450012346 (07:29:00),450012344 (07:30:00),450026788 (07:32:00),450024146 (07:35:00),450010964 (07:36:00),450011444 (07:37:00),450011450 (07:39:00),450010965 (07:41:00),450010966 (07:43:00),450010967 (07:44:00),450011436 (07:47:00),450010968 (07:50:00),450010969 (07:52:00),450011440 (07:53:00),450024093 (07:55:00),450010970 (07:58:00),450010664 (08:00:00),450010665 (08:02:00),450012385 (08:03:00),450010679 (08:06:00),450014781 (08:08:00),450014783 (08:09:00),450013985 (08:11:00),450013986 (08:12:00),450013987 (08:14:00),450013988 (08:15:00),450010299 (08:16:00),450010725 (08:17:00),450013998 (08:19:00),450013997 (08:20:00),450013996 (08:21:00),450013934 (08:23:00),450013935 (08:24:00),450013936 (08:25:00),450011021 (08:25:00),450013937 (08:27:00),450013938 (08:28:00),450013939 (08:28:00),450013940 (08:30:00),450010849 (08:31:00),450013748 (08:32:00),450013767 (08:33:00),450013768 (08:33:00),450013769 (08:34:00),450013771 (08:35:00),450010852 (08:36:00)
450012792 (07:23:00),450012789 (07:25:00),450012786 (07:26:00),450012785 (07:27:00),450012515 (07:28:00),450012522 (07:31:00),450012572 (07:32:00),450012571 (07:34:00),450012350 (07:35:00),450012347 (07:37:00),450012346 (07:38:00),450012344 (07:40:00),450026788 (07:42:00),450024146 (07:45:00),450010964 (07:46:00),450011444 (07:47:00),450011450 (07:49:00),450010965 (07:51:00),450010966 (07:53:00),450010967 (07:54:00),450011436 (07:57:00),450010968 (08:00:00),450010969 (08:02:00),450011440 (08:03:00),450024093 (08:05:00),450010970 (08:08:00),450010664 (08:10:00),450010665 (08:12:00),450012385 (08:13:00),450010679 (08:16:00),450014781 (08:18:00),450014783 (08:19:00),450013985 (08:21:00),450013986 (08:22:00),450013987 (08:24:00),450013988 (08:25:00),450010299 (08:26:00),450010725 (08:27:00),450013998 (08:29:00),450013997 (08:30:00),450013996 (08:31:00),450013934 (08:33:00),450013935 (08:34:00),450013936 (08:35:00),450011021 (08:35:00),450013937 (08:37:00),450013938 (08:38:00),450013939 (08:38:00),450013940 (08:40:00),450010849 (08:41:00),450013748 (08:42:00),450013767 (08:43:00),450013768 (08:43:00),450013769 (08:44:00),450013771 (08:45:00),450010852 (08:46:00)
450012792 (07:33:00),450012789 (07:35:00),450012786 (07:36:00),450012785 (07:37:00),450012515 (07:38:00),450012522 (07:41:00),450012572 (07:42:00),450012571 (07:44:00),450012350 (07:45:00),450012347 (07:47:00),450012346 (07:48:00),450012344 (07:50:00),450026788 (07:52:00),450024146 (07:55:00),450010964 (07:56:00),450011444 (07:57:00),450011450 (07:59:00),450010965 (08:01:00),450010966 (08:03:00),450010967 (08:04:00),450011436 (08:07:00),450010968 (08:10:00),450010969 (08:12:00),450011440 (08:13:00),450024093 (08:15:00),450010970 (08:18:00),450010664 (08:20:00),450010665 (08:22:00),450012385 (08:23:00),450010679 (08:26:00),450014781 (08:28:00),450014783 (08:29:00),450013985 (08:31:00),450013986 (08:32:00),450013987 (08:34:00),450013988 (08:35:00),450010299 (08:36:00),450010725 (08:37:00),450013998 (08:39:00),450013997 (08:40:00),450013996 (08:41:00),450013934 (08:43:00),450013935 (08:44:00),450013936 (08:45:00),450011021 (08:45:00),450013937 (08:47:00),450013938 (08:48:00),450013939 (08:48:00),450013940 (08:50:00),450010849 (08:51:00),450013748 (08:52:00),450013767 (08:53:00),450013768 (08:53:00),450013769 (08:54:00),450013771 (08:55:00),450010852 (08:56:00)
450012792 (07:43:00),450012789 (07:45:00),450012786 (07:46:00),450012785 (07:47:00),450012515 (07:48:00),450012522 (07:51:00),450012572 (07:52:00),450012571 (07:54:00),450012350 (07:55:00),450012347 (07:57:00),450012346 (07:58:00),450012344 (08:00:00),450026788 (08:02:00),450024146 (08:05:00),450010964 (08:06:00),450011444 (08:07:00),450011450 (08:09:00),450010965 (08:11:00),450010966 (08:13:00),450010967 (08:14:00),450011436 (08:17:00),450010968 (08:20:00),450010969 (08:22:00),450011440 (08:23:00),450024093 (08:25:00),450010970 (08:28:00),450010664 (08:30:00),450010665 (08:32:00),450012385 (08:33:00),450010679 (08:36:00),450014781 (08:38:00),450014783 (08:39:00),450013985 (08:41:00),450013986 (08:42:00),450013987 (08:44:00),450013988 (08:45:00),450010299 (08:46:00),450010725 (08:47:00),450013998 (08:49:00),450013997 (08:50:00),450013996 (08:51:00),450013934 (08:53:00),450013935 (08:54:00),450013936 (08:55:00),450011021 (08:55:00),450013937 (08:57:00),450013938 (08:58:00),450013939 (08:58:00),450013940 (09:00:00),450010849 (09:01:00),450013748 (09:02:00),450013767 (09:03:00),450013768 (09:03:00),450013769 (09:04:00),450013771 (09:05:00),450010852 (09:06:00)
450012792 (07:53:00),450012789 (07:55:00),450012786 (07:56:00),450012785 (07:57:00),450012515 (07:58:00),450012522 (08:01:00),450012572 (08:02:00),450012571 (08:04:00),450012350 (08:05:00),450012347 (08:07:00),450012346 (08:08:00),450012344 (08:10:00),450026788 (08:12:00),450024146 (08:15:00),450010964 (08:16:00),450011444 (08:17:00),450011450 (08:19:00),450010965 (08:21:00),450010966 (08:23:00),450010967 (08:24:00),450011436 (08:27:00),450010968 (08:30:00),450010969 (08:32:00),450011440 (08:33:00),450024093 (08:35:00),450010970 (08:38:00),450010664 (08:40:00),450010665 (08:42:00),450012385 (08:43:00),450010679 (08:46:00),450014781 (08:48:00),450014783 (08:49:00),450013985 (08:51:00),450013986 (08:52:00),450013987 (08:54:00),450013988 (08:55:00),450010299 (08:56:00),450010725 (08:57:00),450013998 (08:59:00),450013997 (09:00:00),450013996 (09:01:00),450013934 (09:03:00),450013935 (09:04:00),450013936 (09:05:00),450011021 (09:05:00),450013937 (09:07:00),450013938 (09:08:00),450013939 (09:08:00),450013940 (09:10:00),450010849 (09:11:00),450013748 (09:12:00),450013767 (09:13:00),450013768 (09:13:00),450013769 (09:14:00),450013771 (09:15:00),450010852 (09:16:00)
450012792 (08:05:00),450012789 (08:07:00),450012786 (08:08:00),450012785 (08:09:00),450012515 (08:10:00),450012522 (08:13:00),450012572 (08:14:00),450012571 (08:16:00),450012350 (08:17:00),450012347 (08:19:00),450012346 (08:20:00),450012344 (08:22:00),450026788 (08:24:00),450024146 (08:27:00),450010964 (08:28:00),450011444 (08:29:00),450011450 (08:31:00),450010965 (08:33:00),450010966 (08:35:00),450010967 (08:36:00),450011436 (08:39:00),450010968 (08:42:00),450010969 (08:44:00),450011440 (08:45:00),450024093 (08:47:00),450010970 (08:50:00),450010664 (08:52:00),450010665 (08:54:00),450012385 (08:55:00),450010679 (08:58:00),450014781 (09:00:00),450014783 (09:01:00),450013985 (09:03:00),450013986 (09:04:00),450013987 (09:06:00),450013988 (09:07:00),450010299 (09:08:00),450010725 (09:09:00),450013998 (09:11:00),450013997 (09:12:00),450013996 (09:13:00),450013934 (09:15:00),450013935 (09:16:00),450013936 (09:17:00),450011021 (09:17:00),450013937 (09:19:00),450013938 (09:20:00),450013939 (09:20:00),450013940 (09:22:00),450010849 (09:23:00),450013748 (09:24:00),450013767 (09:25:00),450013768 (09:25:00),450013769 (09:26:00),450013771 (09:27:00),450010852 (09:28:00)
450012792 (08:18:00),450012789 (08:19:00),450012786 (08:21:00),450012785 (08:22:00),450012515 (08:23:00),450012522 (08:25:00),450012572 (08:26:00),450012571 (08:27:00),450012350 (08:29:00),450012347 (08:30:00),450012346 (08:31:00),450012344 (08:33:00),450026788 (08:34:00),450024146 (08:37:00),450010964 (08:38:00),450011444 (08:39:00),450011450 (08:41:00),450010965 (08:43:00),450010966 (08:45:00),450010967 (08:46:00),450011436 (08:49:00),450010968 (08:52:00),450010969 (08:54:00),450011440 (08:55:00),450024093 (08:57:00),450010970 (09:00:00),450010664 (09:02:00),450010665 (09:04:00),450012385 (09:05:00),450010679 (09:08:00),450014781 (09:10:00),450014783 (09:11:00),450013985 (09:13:00),450013986 (09:14:00),450013987 (09:16:00),450013988 (09:17:00),450010299 (09:18:00),450010725 (09:19:00),450013998 (09:21:00),450013997 (09:22:00),450013996 (09:23:00),450013934 (09:25:00),450013935 (09:26:00),450013936 (09:26:00),450011021 (09:27:00),450013937 (09:28:00),450013938 (09:29:00),450013939 (09:30:00),450013940 (09:31:00),450010849 (09:32:00),450013748 (09:32:00),450013767 (09:33:00),450013768 (09:34:00),450013769 (09:34:00),450013771 (09:35:00),450010852 (09:36:00)
450012792 (08:28:00),450012789 (08:29:00),450012786 (08:31:00),450012785 (08:32:00),450012515 (08:33:00),450012522 (08:35:00),450012572 (08:36:00),450012571 (08:37:00),450012350 (08:39:00),450012347 (08:40:00),450012346 (08:41:00),450012344 (08:43:00),450026788 (08:44:00),450024146 (08:47:00),450010964 (08:48:00),450011444 (08:49:00),450011450 (08:51:00),450010965 (08:53:00),450010966 (08:55:00),450010967 (08:56:00),450011436 (08:59:00),450010968 (09:02:00),450010969 (09:04:00),450011440 (09:05:00),450024093 (09:07:00),450010970 (09:10:00),450010664 (09:12:00),450010665 (09:14:00),450012385 (09:15:00),450010679 (09:18:00),450014781 (09:20:00),450014783 (09:21:00),450013985 (09:23:00),450013986 (09:24:00),450013987 (09:26:00),450013988 (09:27:00),450010299 (09:28:00),450010725 (09:29:00),450013998 (09:31:00),450013997 (09:32:00),450013996 (09:33:00),450013934 (09:35:00),450013935 (09:36:00),450013936 (09:36:00),450011021 (09:37:00),450013937 (09:38:00),450013938 (09:39:00),450013939 (09:40:00),450013940 (09:41:00),450010849 (09:42:00),450013748 (09:42:00),450013767 (09:43:00),450013768 (09:44:00),450013769 (09:44:00),450013771 (09:45:00),450010852 (09:46:00)
450012792 (08:38:00),450012789 (08:39:00),450012786 (08:41:00),450012785 (08:42:00),450012515 (08:43:00),450012522 (08:45:00),450012572 (08:46:00),450012571 (08:47:00),450012350 (08:49:00),450012347 (08:50:00),450012346 (08:51:00),450012344 (08:53:00),450026788 (08:54:00),450024146 (08:57:00),450010964 (08:58:00),450011444 (08:59:00),450011450 (09:01:00),450010965 (09:03:00),450010966 (09:05:00),450010967 (09:06:00),450011436 (09:09:00),450010968 (09:12:00),450010969 (09:14:00),450011440 (09:15:00),450024093 (09:17:00),450010970 (09:20:00),450010664 (09:22:00),450010665 (09:24:00),450012385 (09:25:00),450010679 (09:28:00),450014781 (09:30:00),450014783 (09:31:00),450013985 (09:33:00),450013986 (09:34:00),450013987 (09:36:00),450013988 (09:37:00),450010299 (09:38:00),450010725 (09:39:00),450013998 (09:41:00),450013997 (09:42:00),450013996 (09:43:00),450013934 (09:45:00),450013935 (09:46:00),450013936 (09:46:00),450011021 (09:47:00),450013937 (09:48:00),450013938 (09:49:00),450013939 (09:50:00),450013940 (09:51:00),450010849 (09:52:00),450013748 (09:52:00),450013767 (09:53:00),450013768 (09:54:00),450013769 (09:54:00),450013771 (09:55:00),450010852 (09:56:00)
450012792 (08:50:00),450012789 (08:51:00),450012786 (08:53:00),450012785 (08:54:00),450012515 (08:55:00),450012522 (08:57:00),450012572 (08:58:00),450012571 (08:59:00),450012350 (09:01:00),450012347 (09:02:00),450012346 (09:03:00),450012344 (09:05:00),450026788 (09:06:00),450024146 (09:09:00),450010964 (09:10:00),450011444 (09:11:00),450011450 (09:13:00),450010965 (09:15:00),450010966 (09:17:00),450010967 (09:18:00),450011436 (09:21:00),450010968 (09:24:00),450010969 (09:26:00),450011440 (09:28:00),450024093 (09:30:00),450010970 (09:33:00),450010664 (09:36:00),450010665 (09:38:00),450012385 (09:39:00),450010679 (09:43:00),450014781 (09:45:00),450014783 (09:46:00),450013985 (09:48:00),450013986 (09:49:00),450013987 (09:51:00),450013988 (09:52:00),450010299 (09:53:00),450010725 (09:54:00),450013998 (09:56:00),450013997 (09:57:00),450013996 (09:58:00),450013934 (10:00:00),450013935 (10:01:00),450013936 (10:01:00),450011021 (10:02:00),450013937 (10:03:00),450013938 (10:04:00),450013939 (10:05:00),450013940 (10:06:00),450010849 (10:07:00),450013748 (10:07:00),450013767 (10:08:00),450013768 (10:09:00),450013769 (10:09:00),450013771 (10:10:00),450010852 (10:11:00)
450012792 (09:00:00),450012789 (09:01:00),450012786 (09:03:00),450012785 (09:04:00),450012515 (09:05:00),450012522 (09:07:00),450012572 (09:08:00),450012571 (09:09:00),450012350 (09:11:00),450012347 (09:12:00),450012346 (09:13:00),450012344 (09:15:00),450026788 (09:16:00),450024146 (09:19:00),450010964 (09:20:00),450011444 (09:21:00),450011450 (09:23:00),450010965 (09:25:00),450010966 (09:27:00),450010967 (09:28:00),450011436 (09:31:00),450010968 (09:34:00),450010969 (09:36:00),450011440 (09:37:00),450024093 (09:39:00),450010970 (09:42:00),450010664 (09:44:00),450010665 (09:46:00),450012385 (09:47:00),450010679 (09:50:00)
450012792 (09:15:00),450012789 (09:16:00),450012786 (09:18:00),450012785 (09:18:00),450012515 (09:19:00),450012522 (09:22:00),450012572 (09:23:00),450012571 (09:24:00),450012350 (09:25:00),450012347 (09:27:00),450012346 (09:28:00),450012344 (09:29:00),450026788 (09:30:00),450024146 (09:33:00),450010964 (09:34:00),450011444 (09:35:00),450011450 (09:36:00),450010965 (09:37:00),450010966 (09:38:00),450010967 (09:39:00),450011436 (09:40:00),450010968 (09:42:00),450010969 (09:44:00),450011440 (09:45:00),450024093 (09:47:00),450010970 (09:50:00),450010664 (09:52:00),450010665 (09:54:00),450012385 (09:55:00),450010679 (09:58:00),450014781 (10:00:00),450014783 (10:01:00),450013985 (10:03:00),450013986 (10:04:00),450013987 (10:06:00),450013988 (10:07:00),450010299 (10:08:00),450010725 (10:09:00),450013998 (10:11:00),450013997 (10:12:00),450013996 (10:13:00),450013934 (10:15:00),450013935 (10:16:00),450013936 (10:16:00),450011021 (10:17:00),450013937 (10:18:00),450013938 (10:19:00),450013939 (10:20:00),450013940 (10:21:00),450010849 (10:22:00),450013748 (10:22:00),450013767 (10:23:00),450013768 (10:24:00),450013769 (10:24:00),450013771 (10:25:00),450010852 (10:26:00)
450012792 (09:27:00),450012789 (09:28:00),450012786 (09:30:00),450012785 (09:30:00),450012515 (09:31:00),450012522 (09:34:00),450012572 (09:35:00),450012571 (09:36:00),450012350 (09:37:00),450012347 (09:39:00),450012346 (09:40:00),450012344 (09:41:00),450026788 (09:42:00),450024146 (09:45:00),450010964 (09:46:00),450011444 (09:47:00),450011450 (09:48:00),450010965 (09:49:00),450010966 (09:50:00),450010967 (09:51:00),450011436 (09:52:00),450010968 (09:54:00),450010969 (09:56:00),450011440 (09:57:00),450024093 (09:59:00),450010970 (10:02:00),450010664 (10:04:00),450010665 (10:06:00),450012385 (10:07:00),450010679 (10:10:00),450014781 (10:12:00),450014783 (10:13:00),450013985 (10:15:00),450013986 (10:16:00),450013987 (10:18:00),450013988 (10:19:00),450010299 (10:20:00),450010725 (10:21:00),450013998 (10:23:00),450013997 (10:24:00),450013996 (10:25:00),450013934 (10:27:00),450013935 (10:28:00),450013936 (10:28:00),450011021 (10:29:00),450013937 (10:30:00),450013938 (10:31:00),450013939 (10:32:00),450013940 (10:33:00),450010849 (10:34:00),450013748 (10:34:00),450013767 (10:35:00),450013768 (10:36:00),450013769 (10:36:00),450013771 (10:37:00),450010852 (10:38:00)
450012792 (09:37:00),450012789 (09:38:00),450012786 (09:40:00),450012785 (09:40:00),450012515 (09:41:00),450012522 (09:44:00),450012572 (09:45:00),450012571 (09:46:00),450012350 (09:47:00),450012347 (09:49:00),450012346 (09:50:00),450012344 (09:51:00),450026788 (09:52:00),450024146 (09:55:00),450010964 (09:56:00),450011444 (09:57:00),450011450 (09:58:00),450010965 (09:59:00),450010966 (10:00:00),450010967 (10:01:00),450011436 (10:02:00),450010968 (10:04:00),450010969 (10:06:00),450011440 (10:07:00),450024093 (10:09:00),450010970 (10:12:00),450010664 (10:14:00),450010665 (10:16:00),450012385 (10:17:00),450010679 (10:20:00),450014781 (10:22:00),450014783 (10:23:00),450013985 (10:25:00),450013986 (10:26:00),450013987 (10:28:00),450013988 (10:29:00),450010299 (10:30:00),450010725 (10:31:00),450013998 (10:33:00),450013997 (10:34:00),450013996 (10:35:00),450013934 (10:37:00),450013935 (10:38:00),450013936 (10:38:00),450011021 (10:39:00),450013937 (10:40:00),450013938 (10:41:00),450013939 (10:42:00),450013940 (10:43:00),450010849 (10:44:00),450013748 (10:44:00),450013767 (10:45:00),450013768 (10:46:00),450013769 (10:46:00),450013771 (10:47:00),450010852 (10:48:00)
450012792 (09:47:00),450012789 (09:48:00),450012786 (09:50:00),450012785 (09:50:00),450012515 (09:51:00),450012522 (09:54:00),450012572 (09:55:00),450012571 (09:56:00),450012350 (09:57:00),450012347 (09:59:00),450012346 (10:00:00),450012344 (10:01:00),450026788 (10:02:00),450024146 (10:05:00),450010964 (10:06:00),450011444 (10:07:00),450011450 (10:08:00),450010965 (10:09:00),450010966 (10:10:00),450010967 (10:11:00),450011436 (10:12:00),450010968 (10:14:00),450010969 (10:16:00),450011440 (10:17:00),450024093 (10:19:00),450010970 (10:22:00),450010664 (10:24:00),450010665 (10:26:00),450012385 (10:27:00),450010679 (10:30:00),450014781 (10:32:00),450014783 (10:33:00),450013985 (10:35:00),450013986 (10:36:00),450013987 (10:38:00),450013988 (10:39:00),450010299 (10:40:00),450010725 (10:41:00),450013998 (10:43:00),450013997 (10:44:00),450013996 (10:45:00),450013934 (10:47:00),450013935 (10:48:00),450013936 (10:48:00),450011021 (10:49:00),450013937 (10:50:00),450013938 (10:51:00),450013939 (10:52:00),450013940 (10:53:00),450010849 (10:54:00),450013748 (10:54:00),450013767 (10:55:00),450013768 (10:56:00),450013769 (10:56:00),450013771 (10:57:00),450010852 (10:58:00)
450012792 (09:57:00),450012789 (09:58:00),450012786 (10:00:00),450012785 (10:00:00),450012515 (10:01:00),450012522 (10:04:00),450012572 (10:05:00),450012571 (10:06:00),450012350 (10:07:00),450012347 (10:09:00),450012346 (10:10:00),450012344 (10:11:00),450026788 (10:12:00),450024146 (10:15:00),450010964 (10:16:00),450011444 (10:17:00),450011450 (10:18:00),450010965 (10:19:00),450010966 (10:20:00),450010967 (10:21:00),450011436 (10:22:00),450010968 (10:24:00),450010969 (10:26:00),450011440 (10:27:00),450024093 (10:29:00),450010970 (10:32:00),450010664 (10:34:00),450010665 (10:36:00),450012385 (10:37:00),450010679 (10:40:00),450014781 (10:42:00),450014783 (10:43:00),450013985 (10:45:00),450013986 (10:46:00),450013987 (10:48:00),450013988 (10:49:00),450010299 (10:50:00),450010725 (10:51:00),450013998 (10:53:00),450013997 (10:54:00),450013996 (10:55:00),450013934 (10:57:00),450013935 (10:58:00),450013936 (10:58:00),450011021 (10:59:00),450013937 (11:00:00),450013938 (11:01:00),450013939 (11:02:00),450013940 (11:03:00),450010849 (11:04:00),450013748 (11:04:00),450013767 (11:05:00),450013768 (11:06:00),450013769 (11:06:00),450013771 (11:07:00),450010852 (11:08:00)
450012792 (10:07:00),450012789 (10:08:00),450012786 (10:10:00),450012785 (10:10:00),450012515 (10:11:00),450012522 (10:14:00),450012572 (10:15:00),450012571 (10:16:00),450012350 (10:17:00),450012347 (10:19:00),450012346 (10:20:00),450012344 (10:21:00),450026788 (10:22:00),450024146 (10:25:00),450010964 (10:26:00),450011444 (10:27:00),450011450 (10:28:00),450010965 (10:29:00),450010966 (10:30:00),450010967 (10:31:00),450011436 (10:32:00),450010968 (10:34:00),450010969 (10:36:00),450011440 (10:37:00),450024093 (10:39:00),450010970 (10:42:00),450010664 (10:44:00),450010665 (10:46:00),450012385 (10:47:00),450010679 (10:50:00),450014781 (10:52:00),450014783 (10:53:00),450013985 (10:55:00),450013986 (10:56:00),450013987 (10:58:00),450013988 (10:59:00),450010299 (11:00:00),450010725 (11:01:00),450013998 (11:03:00),450013997 (11:04:00),450013996 (11:05:00),450013934 (11:07:00),450013935 (11:08:00),450013936 (11:08:00),450011021 (11:09:00),450013937 (11:10:00),450013938 (11:11:00),450013939 (11:12:00),450013940 (11:13:00),450010849 (11:14:00),450013748 (11:14:00),450013767 (11:15:00),450013768 (11:16:00),450013769 (11:16:00),450013771 (11:17:00),450010852 (11:18:00)
450012792 (10:17:00),450012789 (10:18:00),450012786 (10:20:00),450012785 (10:20:00),450012515 (10:21:00),450012522 (10:24:00),450012572 (10:25:00),450012571 (10:26:00),450012350 (10:27:00),450012347 (10:29:00),450012346 (10:30:00),450012344 (10:31:00),450026788 (10:32:00),450024146 (10:35:00),450010964 (10:36:00),450011444 (10:37:00),450011450 (10:38:00),450010965 (10:39:00),450010966 (10:40:00),450010967 (10:41:00),450011436 (10:42:00),450010968 (10:44:00),450010969 (10:46:00),450011440 (10:47:00),450024093 (10:49:00),450010970 (10:52:00),450010664 (10:54:00),450010665 (10:56:00),450012385 (10:57:00),450010679 (11:00:00),450014781 (11:02:00),450014783 (11:03:00),450013985 (11:05:00),450013986 (11:06:00),450013987 (11:08:00),450013988 (11:09:00),450010299 (11:10:00),450010725 (11:11:00),450013998 (11:13:00),450013997 (11:14:00),450013996 (11:15:00),450013934 (11:17:00),450013935 (11:18:00),450013936 (11:18:00),450011021 (11:19:00),450013937 (11:20:00),450013938 (11:21:00),450013939 (11:22:00),450013940 (11:23:00),450010849 (11:24:00),450013748 (11:24:00),450013767 (11:25:00),450013768 (11:26:00),450013769 (11:26:00),450013771 (11:27:00),450010852 (11:28:00)
450012792 (10:27:00),450012789 (10:28:00),450012786 (10:30:00),450012785 (10:30:00),450012515 (10:31:00),450012522 (10:34:00),450012572 (10:35:00),450012571 (10:36:00),450012350 (10:37:00),450012347 (10:39:00),450012346 (10:40:00),450012344 (10:41:00),450026788 (10:42:00),450024146 (10:45:00),450010964 (10:46:00),450011444 (10:47:00),450011450 (10:48:00),450010965 (10:49:00),450010966 (10:50:00),450010967 (10:51:00),450011436 (10:52:00),450010968 (10:54:00),450010969 (10:56:00),450011440 (10:57:00),450024093 (10:59:00),450010970 (11:02:00),450010664 (11:04:00),450010665 (11:06:00),450012385 (11:07:00),450010679 (11:10:00),450014781 (11:12:00),450014783 (11:13:00),450013985 (11:15:00),450013986 (11:16:00),450013987 (11:18:00),450013988 (11:19:00),450010299 (11:20:00),450010725 (11:21:00),450013998 (11:23:00),450013997 (11:24:00),450013996 (11:25:00),450013934 (11:27:00),450013935 (11:28:00),450013936 (11:28:00),450011021 (11:29:00),450013937 (11:30:00),450013938 (11:31:00),450013939 (11:32:00),450013940 (11:33:00),450010849 (11:34:00),450013748 (11:34:00),450013767 (11:35:00),450013768 (11:36:00),450013769 (11:36:00),450013771 (11:37:00),450010852 (11:38:00)
450012792 (10:37:00),450012789 (10:38:00),450012786 (10:40:00),450012785 (10:40:00),450012515 (10:41:00),450012522 (10:44:00),450012572 (10:45:00),450012571 (10:46:00),450012350 (10:47:00),450012347 (10:49:00),450012346 (10:50:00),450012344 (10:51:00),450026788 (10:52:00),450024146 (10:55:00),450010964 (10:56:00),450011444 (10:57:00),450011450 (10:58:00),450010965 (10:59:00),450010966 (11:00:00),450010967 (11:01:00),450011436 (11:02:00),450010968 (11:04:00),450010969 (11:06:00),450011440 (11:07:00),450024093 (11:09:00),450010970 (11:12:00),450010664 (11:14:00),450010665 (11:16:00),450012385 (11:17:00),450010679 (11:20:00),450014781 (11:22:00),450014783 (11:23:00),450013985 (11:25:00),450013986 (11:26:00),450013987 (11:28:00),450013988 (11:29:00),450010299 (11:30:00),450010725 (11:31:00),450013998 (11:33:00),450013997 (11:34:00),450013996 (11:35:00),450013934 (11:37:00),450013935 (11:38:00),450013936 (11:38:00),450011021 (11:39:00),450013937 (11:40:00),450013938 (11:41:00),450013939 (11:42:00),450013940 (11:43:00),450010849 (11:44:00),450013748 (11:44:00),450013767 (11:45:00),450013768 (11:46:00),450013769 (11:46:00),450013771 (11:47:00),450010852 (11:48:00)
450012792 (10:47:00),450012789 (10:48:00),450012786 (10:50:00),450012785 (10:50:00),450012515 (10:51:00),450012522 (10:54:00),450012572 (10:55:00),450012571 (10:56:00),450012350 (10:57:00),450012347 (10:59:00),450012346 (11:00:00),450012344 (11:01:00),450026788 (11:02:00),450024146 (11:05:00),450010964 (11:06:00),450011444 (11:07:00),450011450 (11:08:00),450010965 (11:09:00),450010966 (11:10:00),450010967 (11:11:00),450011436 (11:12:00),450010968 (11:14:00),450010969 (11:16:00),450011440 (11:17:00),450024093 (11:19:00),450010970 (11:22:00),450010664 (11:24:00),450010665 (11:26:00),450012385 (11:27:00),450010679 (11:30:00),450014781 (11:32:00),450014783 (11:33:00),450013985 (11:35:00),450013986 (11:36:00),450013987 (11:38:00),450013988 (11:39:00),450010299 (11:40:00),450010725 (11:41:00),450013998 (11:43:00),450013997 (11:44:00),450013996 (11:45:00),450013934 (11:47:00),450013935 (11:48:00),450013936 (11:48:00),450011021 (11:49:00),450013937 (11:50:00),450013938 (11:51:00),450013939 (11:52:00),450013940 (11:53:00),450010849 (11:54:00),450013748 (11:54:00),450013767 (11:55:00),450013768 (11:56:00),450013769 (11:56:00),450013771 (11:57:00),450010852 (11:58:00)
450012792 (10:57:00),450012789 (10:58:00),450012786 (11:00:00),450012785 (11:00:00),450012515 (11:01:00),450012522 (11:04:00),450012572 (11:05:00),450012571 (11:06:00),450012350 (11:07:00),450012347 (11:09:00),450012346 (11:10:00),450012344 (11:11:00),450026788 (11:12:00),450024146 (11:15:00),450010964 (11:16:00),450011444 (11:17:00),450011450 (11:18:00),450010965 (11:19:00),450010966 (11:20:00),450010967 (11:21:00),450011436 (11:22:00),450010968 (11:24:00),450010969 (11:26:00),450011440 (11:27:00),450024093 (11:29:00),450010970 (11:32:00),450010664 (11:34:00),450010665 (11:36:00),450012385 (11:37:00),450010679 (11:40:00),450014781 (11:42:00),450014783 (11:43:00),450013985 (11:45:00),450013986 (11:46:00),450013987 (11:48:00),450013988 (11:49:00),450010299 (11:50:00),450010725 (11:51:00),450013998 (11:53:00),450013997 (11:54:00),450013996 (11:55:00),450013934 (11:57:00),450013935 (11:58:00),450013936 (11:58:00),450011021 (11:59:00),450013937 (12:00:00),450013938 (12:01:00),450013939 (12:02:00),450013940 (12:03:00),450010849 (12:04:00),450013748 (12:04:00),450013767 (12:05:00),450013768 (12:06:00),450013769 (12:06:00),450013771 (12:07:00),450010852 (12:08:00)
450012792 (11:07:00),450012789 (11:08:00),450012786 (11:10:00),450012785 (11:10:00),450012515 (11:11:00),450012522 (11:14:00),450012572 (11:15:00),450012571 (11:16:00),450012350 (11:17:00),450012347 (11:19:00),450012346 (11:20:00),450012344 (11:21:00),450026788 (11:22:00),450024146 (11:25:00),450010964 (11:26:00),450011444 (11:27:00),450011450 (11:28:00),450010965 (11:29:00),450010966 (11:30:00),450010967 (11:31:00),450011436 (11:32:00),450010968 (11:34:00),450010969 (11:36:00),450011440 (11:37:00),450024093 (11:39:00),450010970 (11:42:00),450010664 (11:44:00),450010665 (11:46:00),450012385 (11:47:00),450010679 (11:50:00),450014781 (11:52:00),450014783 (11:53:00),450013985 (11:55:00),450013986 (11:56:00),450013987 (11:58:00),450013988 (11:59:00),450010299 (12:00:00),450010725 (12:01:00),450013998 (12:03:00),450013997 (12:04:00),450013996 (12:05:00),450013934 (12:07:00),450013935 (12:08:00),450013936 (12:08:00),450011021 (12:09:00),450013937 (12:10:00),450013938 (12:11:00),450013939 (12:12:00),450013940 (12:13:00),450010849 (12:14:00),450013748 (12:14:00),450013767 (12:15:00),450013768 (12:16:00),450013769 (12:16:00),450013771 (12:17:00),450010852 (12:18:00)
450012792 (11:17:00),450012789 (11:18:00),450012786 (11:20:00),450012785 (11:20:00),450012515 (11:21:00),450012522 (11:24:00),450012572 (11:25:00),450012571 (11:26:00),450012350 (11:27:00),450012347 (11:29:00),450012346 (11:30:00),450012344 (11:31:00),450026788 (11:32:00),450024146 (11:35:00),450010964 (11:36:00),450011444 (11:37:00),450011450 (11:38:00),450010965 (11:39:00),450010966 (11:40:00),450010967 (11:41:00),450011436 (11:42:00),450010968 (11:44:00),450010969 (11:46:00),450011440 (11:47:00),450024093 (11:49:00),450010970 (11:52:00),450010664 (11:54:00),450010665 (11:56:00),450012385 (11:57:00),450010679 (12:00:00),450014781 (12:02:00),450014783 (12:03:00),450013985 (12:05:00),450013986 (12:06:00),450013987 (12:08:00),450013988 (12:09:00),450010299 (12:10:00),450010725 (12:11:00),450013998 (12:13:00),450013997 (12:14:00),450013996 (12:15:00),450013934 (12:17:00),450013935 (12:18:00),450013936 (12:18:00),450011021 (12:19:00),450013937 (12:20:00),450013938 (12:21:00),450013939 (12:22:00),450013940 (12:23:00),450010849 (12:24:00),450013748 (12:24:00),450013767 (12:25:00),450013768 (12:26:00),450013769 (12:26:00),450013771 (12:27:00),450010852 (12:28:00)
450012792 (11:32:00),450012789 (11:33:00),450012786 (11:35:00),450012785 (11:35:00),450012515 (11:36:00),450012522 (11:39:00),450012572 (11:40:00),450012571 (11:41:00),450012350 (11:42:00),450012347 (11:44:00),450012346 (11:45:00),450012344 (11:46:00),450026788 (11:47:00),450024146 (11:50:00),450010964 (11:51:00),450011444 (11:52:00),450011450 (11:53:00),450010965 (11:54:00),450010966 (11:55:00),450010967 (11:56:00),450011436 (11:57:00),450010968 (11:59:00),450010969 (12:01:00),450011440 (12:02:00),450024093 (12:04:00),450010970 (12:07:00),450010664 (12:09:00),450010665 (12:11:00),450012385 (12:12:00),450010679 (12:15:00),450014781 (12:17:00),450014783 (12:18:00),450013985 (12:20:00),450013986 (12:21:00),450013987 (12:23:00),450013988 (12:24:00),450010299 (12:25:00),450010725 (12:26:00),450013998 (12:28:00),450013997 (12:29:00),450013996 (12:30:00),450013934 (12:32:00),450013935 (12:33:00),450013936 (12:33:00),450011021 (12:34:00),450013937 (12:35:00),450013938 (12:36:00),450013939 (12:37:00),450013940 (12:38:00),450010849 (12:39:00),450013748 (12:39:00),450013767 (12:40:00),450013768 (12:41:00),450013769 (12:41:00),450013771 (12:42:00),450010852 (12:43:00)
450012792 (11:47:00),450012789 (11:48:00),450012786 (11:50:00),450012785 (11:50:00),450012515 (11:51:00),450012522 (11:54:00),450012572 (11:55:00),450012571 (11:56:00),450012350 (11:57:00),450012347 (11:59:00),450012346 (12:00:00),450012344 (12:01:00),450026788 (12:02:00),450024146 (12:05:00),450010964 (12:06:00),450011444 (12:07:00),450011450 (12:08:00),450010965 (12:09:00),450010966 (12:10:00),450010967 (12:11:00),450011436 (12:12:00),450010968 (12:14:00),450010969 (12:16:00),450011440 (12:17:00),450024093 (12:19:00),450010970 (12:22:00),450010664 (12:24:00),450010665 (12:26:00),450012385 (12:27:00),450010679 (12:30:00),450014781 (12:32:00),450014783 (12:33:00),450013985 (12:35:00),450013986 (12:36:00),450013987 (12:38:00),450013988 (12:39:00),450010299 (12:40:00),450010725 (12:41:00),450013998 (12:43:00),450013997 (12:44:00),450013996 (12:45:00),450013934 (12:47:00),450013935 (12:48:00),450013936 (12:48:00),450011021 (12:49:00),450013937 (12:50:00),450013938 (12:51:00),450013939 (12:52:00),450013940 (12:53:00),450010849 (12:54:00),450013748 (12:54:00),450013767 (12:55:00),450013768 (12:56:00),450013769 (12:56:00),450013771 (12:57:00),450010852 (12:58:00)
450012792 (11:57:00),450012789 (11:58:00),450012786 (12:00:00),450012785 (12:00:00),450012515 (12:01:00),450012522 (12:04:00),450012572 (12:05:00),450012571 (12:06:00),450012350 (12:07:00),450012347 (12:09:00),450012346 (12:10:00),450012344 (12:11:00),450026788 (12:12:00),450024146 (12:15:00),450010964 (12:16:00),450011444 (12:17:00),450011450 (12:18:00),450010965 (12:19:00),450010966 (12:20:00),450010967 (12:21:00),450011436 (12:22:00),450010968 (12:24:00),450010969 (12:26:00),450011440 (12:27:00),450024093 (12:29:00),450010970 (12:32:00),450010664 (12:34:00),450010665 (12:36:00),450012385 (12:37:00),450010679 (12:40:00),450014781 (12:42:00),450014783 (12:43:00),450013985 (12:45:00),450013986 (12:46:00),450013987 (12:48:00),450013988 (12:49:00),450010299 (12:50:00),450010725 (12:51:00),450013998 (12:53:00),450013997 (12:54:00),450013996 (12:55:00),450013934 (12:57:00),450013935 (12:58:00),450013936 (12:58:00),450011021 (12:59:00),450013937 (13:00:00),450013938 (13:01:00),450013939 (13:02:00),450013940 (13:03:00),450010849 (13:04:00),450013748 (13:04:00),450013767 (13:05:00),450013768 (13:06:00),450013769 (13:06:00),450013771 (13:07:00),450010852 (13:08:00)
450012792 (12:07:00),450012789 (12:08:00),450012786 (12:10:00),450012785 (12:10:00),450012515 (12:11:00),450012522 (12:14:00),450012572 (12:15:00),450012571 (12:16:00),450012350 (12:17:00),450012347 (12:19:00),450012346 (12:20:00),450012344 (12:21:00),450026788 (12:22:00),450024146 (12:25:00),450010964 (12:26:00),450011444 (12:27:00),450011450 (12:28:00),450010965 (12:29:00),450010966 (12:30:00),450010967 (12:31:00),450011436 (12:32:00),450010968 (12:34:00),450010969 (12:36:00),450011440 (12:37:00),450024093 (12:39:00),450010970 (12:42:00),450010664 (12:44:00),450010665 (12:46:00),450012385 (12:47:00),450010679 (12:50:00),450014781 (12:52:00),450014783 (12:53:00),450013985 (12:55:00),450013986 (12:56:00),450013987 (12:58:00),450013988 (12:59:00),450010299 (13:00:00),450010725 (13:01:00),450013998 (13:03:00),450013997 (13:04:00),450013996 (13:05:00),450013934 (13:07:00),450013935 (13:08:00),450013936 (13:08:00),450011021 (13:09:00),450013937 (13:10:00),450013938 (13:11:00),450013939 (13:12:00),450013940 (13:13:00),450010849 (13:14:00),450013748 (13:14:00),450013767 (13:15:00),450013768 (13:16:00),450013769 (13:16:00),450013771 (13:17:00),450010852 (13:18:00)
450012792 (12:17:00),450012789 (12:18:00),450012786 (12:20:00),450012785 (12:20:00),450012515 (12:21:00),450012522 (12:24:00),450012572 (12:25:00),450012571 (12:26:00),450012350 (12:27:00),450012347 (12:29:00),450012346 (12:30:00),450012344 (12:31:00),450026788 (12:32:00),450024146 (12:35:00),450010964 (12:36:00),450011444 (12:37:00),450011450 (12:38:00),450010965 (12:39:00),450010966 (12:40:00),450010967 (12:41:00),450011436 (12:42:00),450010968 (12:44:00),450010969 (12:46:00),450011440 (12:47:00),450024093 (12:49:00),450010970 (12:52:00),450010664 (12:54:00),450010665 (12:56:00),450012385 (12:57:00),450010679 (13:00:00),450014781 (13:02:00),450014783 (13:03:00),450013985 (13:05:00),450013986 (13:06:00),450013987 (13:08:00),450013988 (13:09:00),450010299 (13:10:00),450010725 (13:11:00),450013998 (13:13:00),450013997 (13:14:00),450013996 (13:15:00),450013934 (13:17:00),450013935 (13:18:00),450013936 (13:18:00),450011021 (13:19:00),450013937 (13:20:00),450013938 (13:21:00),450013939 (13:22:00),450013940 (13:23:00),450010849 (13:24:00),450013748 (13:24:00),450013767 (13:25:00),450013768 (13:26:00),450013769 (13:26:00),450013771 (13:27:00),450010852 (13:28:00)
450012792 (12:27:00),450012789 (12:28:00),450012786 (12:30:00),450012785 (12:30:00),450012515 (12:31:00),450012522 (12:34:00),450012572 (12:35:00),450012571 (12:36:00),450012350 (12:37:00),450012347 (12:39:00),450012346 (12:40:00),450012344 (12:41:00),450026788 (12:42:00),450024146 (12:45:00),450010964 (12:46:00),450011444 (12:47:00),450011450 (12:48:00),450010965 (12:49:00),450010966 (12:50:00),450010967 (12:51:00),450011436 (12:52:00),450010968 (12:54:00),450010969 (12:56:00),450011440 (12:57:00),450024093 (12:59:00),450010970 (13:02:00),450010664 (13:04:00),450010665 (13:06:00),450012385 (13:07:00),450010679 (13:10:00),450014781 (13:12:00),450014783 (13:13:00),450013985 (13:15:00),450013986 (13:16:00),450013987 (13:18:00),450013988 (13:19:00),450010299 (13:20:00),450010725 (13:21:00),450013998 (13:23:00),450013997 (13:24:00),450013996 (13:25:00),450013934 (13:27:00),450013935 (13:28:00),450013936 (13:28:00),450011021 (13:29:00),450013937 (13:30:00),450013938 (13:31:00),450013939 (13:32:00),450013940 (13:33:00),450010849 (13:34:00),450013748 (13:34:00),450013767 (13:35:00),450013768 (13:36:00),450013769 (13:36:00),450013771 (13:37:00),450010852 (13:38:00)
450012792 (12:37:00),450012789 (12:38:00),450012786 (12:40:00),450012785 (12:40:00),450012515 (12:41:00),450012522 (12:44:00),450012572 (12:45:00),450012571 (12:46:00),450012350 (12:47:00),450012347 (12:49:00),450012346 (12:50:00),450012344 (12:51:00),450026788 (12:52:00),450024146 (12:55:00),450010964 (12:56:00),450011444 (12:57:00),450011450 (12:58:00),450010965 (12:59:00),450010966 (13:00:00),450010967 (13:01:00),450011436 (13:02:00),450010968 (13:04:00),450010969 (13:06:00),450011440 (13:07:00),450024093 (13:09:00),450010970 (13:12:00),450010664 (13:14:00),450010665 (13:16:00),450012385 (13:17:00),450010679 (13:20:00),450014781 (13:22:00),450014783 (13:23:00),450013985 (13:25:00),450013986 (13:26:00),450013987 (13:28:00),450013988 (13:29:00),450010299 (13:30:00),450010725 (13:31:00),450013998 (13:33:00),450013997 (13:34:00),450013996 (13:35:00),450013934 (13:37:00),450013935 (13:38:00),450013936 (13:38:00),450011021 (13:39:00),450013937 (13:40:00),450013938 (13:41:00),450013939 (13:42:00),450013940 (13:43:00),450010849 (13:44:00),450013748 (13:44:00),450013767 (13:45:00),450013768 (13:46:00),450013769 (13:46:00),450013771 (13:47:00),450010852 (13:48:00)
450012792 (12:47:00),450012789 (12:48:00),450012786 (12:50:00),450012785 (12:50:00),450012515 (12:51:00),450012522 (12:54:00),450012572 (12:55:00),450012571 (12:56:00),450012350 (12:57:00),450012347 (12:59:00),450012346 (13:00:00),450012344 (13:01:00),450026788 (13:02:00),450024146 (13:05:00),450010964 (13:06:00),450011444 (13:07:00),450011450 (13:08:00),450010965 (13:09:00),450010966 (13:10:00),450010967 (13:11:00),450011436 (13:12:00),450010968 (13:14:00),450010969 (13:16:00),450011440 (13:17:00),450024093 (13:19:00),450010970 (13:22:00),450010664 (13:24:00),450010665 (13:26:00),450012385 (13:27:00),450010679 (13:30:00),450014781 (13:32:00),450014783 (13:33:00),450013985 (13:35:00),450013986 (13:36:00),450013987 (13:38:00),450013988 (13:39:00),450010299 (13:40:00),450010725 (13:41:00),450013998 (13:43:00),450013997 (13:44:00),450013996 (13:45:00),450013934 (13:47:00),450013935 (13:48:00),450013936 (13:48:00),450011021 (13:49:00),450013937 (13:50:00),450013938 (13:51:00),450013939 (13:52:00),450013940 (13:53:00),450010849 (13:54:00),450013748 (13:54:00),450013767 (13:55:00),450013768 (13:56:00),450013769 (13:56:00),450013771 (13:57:00),450010852 (13:58:00)
450012792 (12:57:00),450012789 (12:58:00),450012786 (13:00:00),450012785 (13:00:00),450012515 (13:01:00),450012522 (13:04:00),450012572 (13:05:00),450012571 (13:06:00),450012350 (13:07:00),450012347 (13:09:00),450012346 (13:10:00),450012344 (13:11:00),450026788 (13:12:00),450024146 (13:15:00),450010964 (13:16:00),450011444 (13:17:00),450011450 (13:18:00),450010965 (13:19:00),450010966 (13:20:00),450010967 (13:21:00),450011436 (13:22:00),450010968 (13:24:00),450010969 (13:26:00),450011440 (13:27:00),450024093 (13:29:00),450010970 (13:32:00),450010664 (13:34:00),450010665 (13:36:00),450012385 (13:37:00),450010679 (13:40:00),450014781 (13:42:00),450014783 (13:43:00),450013985 (13:45:00),450013986 (13:46:00),450013987 (13:48:00),450013988 (13:49:00),450010299 (13:50:00),450010725 (13:51:00),450013998 (13:53:00),450013997 (13:54:00),450013996 (13:55:00),450013934 (13:57:00),450013935 (13:58:00),450013936 (13:58:00),450011021 (13:59:00),450013937 (14:00:00),450013938 (14:01:00),450013939 (14:02:00),450013940 (14:03:00),450010849 (14:04:00),450013748 (14:04:00),450013767 (14:05:00),450013768 (14:06:00),450013769 (14:06:00),450013771 (14:07:00),450010852 (14:08:00)
450012792 (13:07:00),450012789 (13:08:00),450012786 (13:10:00),450012785 (13:10:00),450012515 (13:11:00),450012522 (13:14:00),450012572 (13:15:00),450012571 (13:16:00),450012350 (13:17:00),450012347 (13:19:00),450012346 (13:20:00),450012344 (13:21:00),450026788 (13:22:00),450024146 (13:25:00),450010964 (13:26:00),450011444 (13:27:00),450011450 (13:28:00),450010965 (13:29:00),450010966 (13:30:00),450010967 (13:31:00),450011436 (13:32:00),450010968 (13:34:00),450010969 (13:36:00),450011440 (13:37:00),450024093 (13:39:00),450010970 (13:42:00),450010664 (13:44:00),450010665 (13:46:00),450012385 (13:47:00),450010679 (13:50:00),450014781 (13:52:00),450014783 (13:53:00),450013985 (13:55:00),450013986 (13:56:00),450013987 (13:58:00),450013988 (13:59:00),450010299 (14:00:00),450010725 (14:01:00),450013998 (14:03:00),450013997 (14:04:00),450013996 (14:05:00),450013934 (14:07:00),450013935 (14:08:00),450013936 (14:08:00),450011021 (14:09:00),450013937 (14:10:00),450013938 (14:11:00),450013939 (14:12:00),450013940 (14:13:00),450010849 (14:14:00),450013748 (14:14:00),450013767 (14:15:00),450013768 (14:16:00),450013769 (14:16:00),450013771 (14:17:00),450010852 (14:18:00)
450012792 (13:12:00),450012789 (13:13:00),450012786 (13:15:00),450012785 (13:15:00),450012515 (13:16:00),450012522 (13:19:00),450012572 (13:20:00),450012571 (13:21:00),450012350 (13:22:00),450012347 (13:24:00),450012346 (13:25:00),450012344 (13:26:00),450026788 (13:27:00),450024146 (13:30:00),450010964 (13:31:00),450011444 (13:32:00),450011450 (13:33:00),450010965 (13:34:00),450010966 (13:35:00),450010967 (13:36:00),450011436 (13:37:00),450010968 (13:39:00),450010969 (13:42:00),450011440 (13:43:00),450024093 (13:46:00),450010970 (13:49:00),450010664 (13:53:00),450010665 (13:55:00),450012385 (13:56:00),450010679 (14:00:00),450014781 (14:02:00),450014783 (14:03:00),450013985 (14:05:00),450013986 (14:06:00),450013987 (14:08:00),450013988 (14:09:00),450010299 (14:10:00),450010725 (14:11:00),450013998 (14:13:00),450013997 (14:14:00),450013996 (14:15:00),450013934 (14:17:00),450013935 (14:18:00),450013936 (14:18:00),450011021 (14:19:00),450013937 (14:20:00),450013938 (14:21:00),450013939 (14:22:00),450013940 (14:23:00),450010849 (14:24:00),450013748 (14:24:00),450013767 (14:25:00),450013768 (14:26:00),450013769 (14:26:00),450013771 (14:27:00),450010852 (14:28:00)
450012792 (13:22:00),450012789 (13:23:00),450012786 (13:25:00),450012785 (13:25:00),450012515 (13:26:00),450012522 (13:29:00),450012572 (13:30:00),450012571 (13:31:00),450012350 (13:32:00),450012347 (13:34:00),450012346 (13:35:00),450012344 (13:36:00),450026788 (13:37:00),450024146 (13:40:00),450010964 (13:41:00),450011444 (13:42:00),450011450 (13:43:00),450010965 (13:44:00),450010966 (13:45:00),450010967 (13:46:00),450011436 (13:47:00),450010968 (13:49:00),450010969 (13:52:00),450011440 (13:53:00),450024093 (13:56:00),450010970 (13:59:00),450010664 (14:03:00),450010665 (14:05:00),450012385 (14:06:00),450010679 (14:10:00),450014781 (14:12:00),450014783 (14:13:00),450013985 (14:15:00),450013986 (14:16:00),450013987 (14:18:00),450013988 (14:19:00),450010299 (14:20:00),450010725 (14:21:00),450013998 (14:23:00),450013997 (14:24:00),450013996 (14:25:00),450013934 (14:27:00),450013935 (14:28:00),450013936 (14:28:00),450011021 (14:29:00),450013937 (14:30:00),450013938 (14:31:00),450013939 (14:32:00),450013940 (14:33:00),450010849 (14:34:00),450013748 (14:34:00),450013767 (14:35:00),450013768 (14:36:00),450013769 (14:36:00),450013771 (14:37:00),450010852 (14:38:00)
450012792 (13:32:00),450012789 (13:33:00),450012786 (13:35:00),450012785 (13:35:00),450012515 (13:36:00),450012522 (13:39:00),450012572 (13:40:00),450012571 (13:41:00),450012350 (13:42:00),450012347 (13:44:00),450012346 (13:45:00),450012344 (13:46:00),450026788 (13:47:00),450024146 (13:50:00),450010964 (13:51:00),450011444 (13:52:00),450011450 (13:53:00),450010965 (13:54:00),450010966 (13:55:00),450010967 (13:56:00),450011436 (13:57:00),450010968 (13:59:00),450010969 (14:02:00),450011440 (14:03:00),450024093 (14:06:00),450010970 (14:09:00),450010664 (14:13:00),450010665 (14:15:00),450012385 (14:16:00),450010679 (14:20:00),450014781 (14:22:00),450014783 (14:23:00),450013985 (14:25:00),450013986 (14:26:00),450013987 (14:28:00),450013988 (14:29:00),450010299 (14:30:00),450010725 (14:31:00),450013998 (14:33:00),450013997 (14:34:00),450013996 (14:35:00),450013934 (14:37:00),450013935 (14:38:00),450013936 (14:38:00),450011021 (14:39:00),450013937 (14:40:00),450013938 (14:41:00),450013939 (14:42:00),450013940 (14:43:00),450010849 (14:44:00),450013748 (14:44:00),450013767 (14:45:00),450013768 (14:46:00),450013769 (14:46:00),450013771 (14:47:00),450010852 (14:48:00)
450012792 (13:42:00),450012789 (13:43:00),450012786 (13:45:00),450012785 (13:45:00),450012515 (13:46:00),450012522 (13:49:00),450012572 (13:50:00),450012571 (13:51:00),450012350 (13:52:00),450012347 (13:54:00),450012346 (13:55:00),450012344 (13:56:00),450026788 (13:57:00),450024146 (14:00:00),450010964 (14:01:00),450011444 (14:02:00),450011450 (14:03:00),450010965 (14:04:00),450010966 (14:05:00),450010967 (14:06:00),450011436 (14:07:00),450010968 (14:09:00),450010969 (14:12:00),450011440 (14:13:00),450024093 (14:16:00),450010970 (14:19:00),450010664 (14:23:00),450010665 (14:25:00),450012385 (14:26:00),450010679 (14:30:00),450014781 (14:32:00),450014783 (14:33:00),450013985 (14:35:00),450013986 (14:36:00),450013987 (14:38:00),450013988 (14:39:00),450010299 (14:40:00),450010725 (14:41:00),450013998 (14:43:00),450013997 (14:44:00),450013996 (14:45:00),450013934 (14:47:00),450013935 (14:48:00),450013936 (14:48:00),450011021 (14:49:00),450013937 (14:50:00),450013938 (14:51:00),450013939 (14:52:00),450013940 (14:53:00),450010849 (14:54:00),450013748 (14:54:00),450013767 (14:55:00),450013768 (14:56:00),450013769 (14:56:00),450013771 (14:57:00),450010852 (14:58:00)
450012792 (13:57:00),450012789 (13:58:00),450012786 (14:00:00),450012785 (14:00:00),450012515 (14:01:00),450012522 (14:04:00),450012572 (14:05:00),450012571 (14:06:00),450012350 (14:07:00),450012347 (14:09:00),450012346 (14:10:00),450012344 (14:11:00),450026788 (14:12:00),450024146 (14:15:00),450010964 (14:16:00),450011444 (14:17:00),450011450 (14:18:00),450010965 (14:19:00),450010966 (14:20:00),450010967 (14:21:00),450011436 (14:22:00),450010968 (14:24:00),450010969 (14:27:00),450011440 (14:28:00),450024093 (14:31:00),450010970 (14:34:00),450010664 (14:38:00),450010665 (14:40:00),450012385 (14:41:00),450010679 (14:45:00),450014781 (14:47:00),450014783 (14:48:00),450013985 (14:50:00),450013986 (14:51:00),450013987 (14:53:00),450013988 (14:54:00),450010299 (14:55:00),450010725 (14:56:00),450013998 (14:58:00),450013997 (14:59:00),450013996 (15:00:00),450013934 (15:02:00),450013935 (15:03:00),450013936 (15:03:00),450011021 (15:04:00),450013937 (15:05:00),450013938 (15:06:00),450013939 (15:07:00),450013940 (15:08:00),450010849 (15:09:00),450013748 (15:09:00),450013767 (15:10:00),450013768 (15:11:00),450013769 (15:11:00),450013771 (15:12:00),450010852 (15:13:00)
450012792 (14:12:00),450012789 (14:13:00),450012786 (14:15:00),450012785 (14:15:00),450012515 (14:16:00),450012522 (14:19:00),450012572 (14:20:00),450012571 (14:21:00),450012350 (14:22:00),450012347 (14:24:00),450012346 (14:25:00),450012344 (14:26:00),450026788 (14:27:00),450024146 (14:30:00),450010964 (14:31:00),450011444 (14:32:00),450011450 (14:33:00),450010965 (14:34:00),450010966 (14:35:00),450010967 (14:36:00),450011436 (14:37:00),450010968 (14:39:00),450010969 (14:42:00),450011440 (14:43:00),450024093 (14:46:00),450010970 (14:49:00),450010664 (14:53:00),450010665 (14:55:00),450012385 (14:56:00),450010679 (15:00:00),450014781 (15:03:00),450014783 (15:05:00),450013985 (15:07:00),450013986 (15:08:00),450013987 (15:10:00),450013988 (15:12:00),450010299 (15:13:00),450010725 (15:15:00),450013998 (15:16:00),450013997 (15:18:00),450013996 (15:19:00),450013934 (15:22:00),450013935 (15:23:00),450013936 (15:23:00),450011021 (15:24:00),450013937 (15:25:00),450013938 (15:26:00),450013939 (15:27:00),450013940 (15:28:00),450010849 (15:29:00),450013748 (15:29:00),450013767 (15:30:00),450013768 (15:31:00),450013769 (15:31:00),450013771 (15:32:00),450010852 (15:33:00)
450012792 (14:22:00),450012789 (14:23:00),450012786 (14:25:00),450012785 (14:25:00),450012515 (14:26:00),450012522 (14:29:00),450012572 (14:30:00),450012571 (14:31:00),450012350 (14:32:00),450012347 (14:34:00),450012346 (14:35:00),450012344 (14:36:00),450026788 (14:37:00),450024146 (14:40:00),450010964 (14:41:00),450011444 (14:42:00),450011450 (14:43:00),450010965 (14:44:00),450010966 (14:45:00),450010967 (14:46:00),450011436 (14:47:00),450010968 (14:49:00),450010969 (14:52:00),450011440 (14:53:00),450024093 (14:56:00),450010970 (14:59:00),450010664 (15:03:00),450010665 (15:05:00),450012385 (15:06:00),450010679 (15:10:00),450014781 (15:13:00),450014783 (15:15:00),450013985 (15:17:00),450013986 (15:18:00),450013987 (15:20:00),450013988 (15:22:00),450010299 (15:23:00),450010725 (15:25:00),450013998 (15:26:00),450013997 (15:28:00),450013996 (15:29:00),450013934 (15:32:00),450013935 (15:33:00),450013936 (15:33:00),450011021 (15:34:00),450013937 (15:35:00),450013938 (15:36:00),450013939 (15:37:00),450013940 (15:38:00),450010849 (15:39:00),450013748 (15:39:00),450013767 (15:40:00),450013768 (15:41:00),450013769 (15:41:00),450013771 (15:42:00),450010852 (15:43:00)
450012792 (14:32:00),450012789 (14:33:00),450012786 (14:35:00),450012785 (14:35:00),450012515 (14:36:00),450012522 (14:39:00),450012572 (14:40:00),450012571 (14:41:00),450012350 (14:42:00),450012347 (14:44:00),450012346 (14:45:00),450012344 (14:46:00),450026788 (14:47:00),450024146 (14:50:00),450010964 (14:51:00),450011444 (14:52:00),450011450 (14:53:00),450010965 (14:54:00),450010966 (14:55:00),450010967 (14:56:00),450011436 (14:57:00),450010968 (14:59:00),450010969 (15:02:00),450011440 (15:03:00),450024093 (15:06:00),450010970 (15:09:00),450010664 (15:13:00),450010665 (15:15:00),450012385 (15:16:00),450010679 (15:20:00),450014781 (15:23:00),450014783 (15:25:00),450013985 (15:27:00),450013986 (15:28:00),450013987 (15:30:00),450013988 (15:32:00),450010299 (15:33:00),450010725 (15:35:00),450013998 (15:36:00),450013997 (15:38:00),450013996 (15:39:00),450013934 (15:42:00),450013935 (15:43:00),450013936 (15:44:00),450011021 (15:45:00),450013937 (15:47:00),450013938 (15:48:00),450013939 (15:50:00),450013940 (15:52:00),450010849 (15:53:00),450013748 (15:54:00),450013767 (15:55:00),450013768 (15:56:00),450013769 (15:57:00),450013771 (15:59:00),450010852 (16:00:00)
450012792 (14:42:00),450012789 (14:43:00),450012786 (14:45:00),450012785 (14:45:00),450012515 (14:46:00),450012522 (14:49:00),450012572 (14:50:00),450012571 (14:51:00),450012350 (14:52:00),450012347 (14:54:00),450012346 (14:55:00),450012344 (14:56:00),450026788 (14:57:00),450024146 (15:00:00),450010964 (15:01:00),450011444 (15:02:00),450011450 (15:03:00),450010965 (15:04:00),450010966 (15:05:00),450010967 (15:06:00),450011436 (15:07:00),450010968 (15:09:00),450010969 (15:12:00),450011440 (15:13:00),450024093 (15:16:00),450010970 (15:19:00),450010664 (15:23:00),450010665 (15:25:00),450012385 (15:26:00),450010679 (15:30:00),450014781 (15:32:00),450014783 (15:33:00),450013985 (15:35:00),450013986 (15:36:00),450013987 (15:38:00),450013988 (15:39:00),450010299 (15:40:00),450010725 (15:41:00),450013998 (15:43:00),450013997 (15:44:00),450013996 (15:45:00),450013934 (15:47:00),450013935 (15:48:00),450013936 (15:48:00),450011021 (15:49:00),450013937 (15:50:00),450013938 (15:51:00),450013939 (15:52:00),450013940 (15:53:00),450010849 (15:54:00),450013748 (15:54:00),450013767 (15:55:00),450013768 (15:56:00),450013769 (15:56:00),450013771 (15:57:00),450010852 (15:58:00)
450012792 (14:52:00),450012789 (14:53:00),450012786 (14:55:00),450012785 (14:55:00),450012515 (14:56:00),450012522 (14:59:00),450012572 (15:00:00),450012571 (15:01:00),450012350 (15:02:00),450012347 (15:04:00),450012346 (15:05:00),450012344 (15:06:00),450026788 (15:07:00),450024146 (15:10:00),450010964 (15:11:00),450011444 (15:12:00),450011450 (15:13:00),450010965 (15:14:00),450010966 (15:15:00),450010967 (15:16:00),450011436 (15:17:00),450010968 (15:19:00),450010969 (15:22:00),450011440 (15:23:00),450024093 (15:26:00),450010970 (15:29:00),450010664 (15:33:00),450010665 (15:35:00),450012385 (15:36:00),450010679 (15:40:00),450014781 (15:42:00),450014783 (15:43:00),450013985 (15:45:00),450013986 (15:46:00),450013987 (15:48:00),450013988 (15:49:00),450010299 (15:50:00),450010725 (15:51:00),450013998 (15:53:00),450013997 (15:54:00),450013996 (15:55:00),450013934 (15:57:00),450013935 (15:58:00),450013936 (15:58:00),450011021 (15:59:00),450013937 (16:00:00),450013938 (16:01:00),450013939 (16:02:00),450013940 (16:03:00),450010849 (16:04:00),450013748 (16:04:00),450013767 (16:05:00),450013768 (16:06:00),450013769 (16:06:00),450013771 (16:07:00),450010852 (16:08:00)
450012792 (15:02:00),450012789 (15:03:00),450012786 (15:05:00),450012785 (15:05:00),450012515 (15:06:00),450012522 (15:09:00),450012572 (15:10:00),450012571 (15:11:00),450012350 (15:12:00),450012347 (15:14:00),450012346 (15:15:00),450012344 (15:16:00),450026788 (15:17:00),450024146 (15:20:00),450010964 (15:21:00),450011444 (15:22:00),450011450 (15:23:00),450010965 (15:24:00),450010966 (15:25:00),450010967 (15:26:00),450011436 (15:27:00),450010968 (15:29:00),450010969 (15:32:00),450011440 (15:33:00),450024093 (15:36:00),450010970 (15:39:00),450010664 (15:43:00),450010665 (15:45:00),450012385 (15:46:00),450010679 (15:50:00),450014781 (15:52:00),450014783 (15:54:00),450013985 (15:56:00),450013986 (15:57:00),450013987 (15:59:00),450013988 (16:00:00),450010299 (16:01:00),450010725 (16:03:00),450013998 (16:04:00),450013997 (16:06:00),450013996 (16:07:00),450013934 (16:09:00),450013935 (16:10:00),450013936 (16:11:00),450011021 (16:11:00),450013937 (16:13:00),450013938 (16:14:00),450013939 (16:14:00),450013940 (16:16:00),450010849 (16:17:00),450013748 (16:18:00),450013767 (16:19:00),450013768 (16:19:00),450013769 (16:20:00),450013771 (16:21:00),450010852 (16:22:00)
450012792 (15:12:00),450012789 (15:13:00),450012786 (15:15:00),450012785 (15:15:00),450012515 (15:16:00),450012522 (15:19:00),450012572 (15:20:00),450012571 (15:21:00),450012350 (15:22:00),450012347 (15:24:00),450012346 (15:25:00),450012344 (15:26:00),450026788 (15:27:00),450024146 (15:30:00),450010964 (15:31:00),450011444 (15:32:00),450011450 (15:33:00),450010965 (15:34:00),450010966 (15:35:00),450010967 (15:36:00),450011436 (15:37:00),450010968 (15:39:00),450010969 (15:42:00),450011440 (15:43:00),450024093 (15:46:00),450010970 (15:49:00),450010664 (15:53:00),450010665 (15:55:00),450012385 (15:56:00),450010679 (16:00:00),450014781 (16:02:00),450014783 (16:04:00),450013985 (16:06:00),450013986 (16:07:00),450013987 (16:09:00),450013988 (16:10:00),450010299 (16:11:00),450010725 (16:13:00),450013998 (16:14:00),450013997 (16:16:00),450013996 (16:17:00),450013934 (16:19:00),450013935 (16:20:00),450013936 (16:21:00),450011021 (16:21:00),450013937 (16:23:00),450013938 (16:24:00),450013939 (16:24:00),450013940 (16:26:00),450010849 (16:27:00),450013748 (16:28:00),450013767 (16:29:00),450013768 (16:29:00),450013769 (16:30:00),450013771 (16:31:00),450010852 (16:32:00)
450012792 (15:24:00),450012789 (15:26:00),450012786 (15:27:00),450012785 (15:28:00),450012515 (15:29:00),450012522 (15:32:00),450012572 (15:33:00),450012571 (15:34:00),450012350 (15:36:00),450012347 (15:37:00),450012346 (15:39:00),450012344 (15:40:00),450026788 (15:42:00),450024146 (15:45:00),450010964 (15:46:00),450011444 (15:47:00),450011450 (15:48:00),450010965 (15:49:00),450010966 (15:50:00),450010967 (15:51:00),450011436 (15:52:00),450010968 (15:54:00),450010969 (15:56:00),450011440 (15:57:00),450024093 (15:59:00),450010970 (16:02:00),450010664 (16:04:00),450010665 (16:06:00),450012385 (16:07:00),450010679 (16:10:00),450014781 (16:12:00),450014783 (16:14:00),450013985 (16:16:00),450013986 (16:17:00),450013987 (16:19:00),450013988 (16:20:00),450010299 (16:21:00),450010725 (16:23:00),450013998 (16:24:00),450013997 (16:26:00),450013996 (16:27:00),450013934 (16:29:00),450013935 (16:30:00),450013936 (16:31:00),450011021 (16:31:00),450013937 (16:33:00),450013938 (16:34:00),450013939 (16:34:00),450013940 (16:36:00),450010849 (16:37:00),450013748 (16:38:00),450013767 (16:39:00),450013768 (16:39:00),450013769 (16:40:00),450013771 (16:41:00),450010852 (16:42:00)
450012792 (15:37:00),450012789 (15:39:00),450012786 (15:40:00),450012785 (15:41:00),450012515 (15:42:00),450012522 (15:45:00),450012572 (15:46:00),450012571 (15:47:00),450012350 (15:49:00),450012347 (15:50:00),450012346 (15:52:00),450012344 (15:53:00),450026788 (15:55:00),450024146 (15:58:00),450010964 (15:59:00),450011444 (16:00:00),450011450 (16:01:00),450010965 (16:02:00),450010966 (16:03:00),450010967 (16:04:00),450011436 (16:05:00),450010968 (16:07:00),450010969 (16:09:00),450011440 (16:10:00),450024093 (16:12:00),450010970 (16:15:00),450010664 (16:17:00),450010665 (16:19:00),450012385 (16:20:00),450010679 (16:23:00),450014781 (16:25:00),450014783 (16:27:00),450013985 (16:29:00),450013986 (16:30:00),450013987 (16:32:00),450013988 (16:33:00),450010299 (16:34:00),450010725 (16:36:00),450013998 (16:37:00),450013997 (16:39:00),450013996 (16:40:00),450013934 (16:42:00),450013935 (16:43:00),450013936 (16:44:00),450011021 (16:44:00),450013937 (16:46:00),450013938 (16:47:00),450013939 (16:47:00),450013940 (16:49:00),450010849 (16:50:00),450013748 (16:51:00),450013767 (16:52:00),450013768 (16:52:00),450013769 (16:53:00),450013771 (16:54:00),450010852 (16:55:00)
450012792 (15:45:00),450012789 (15:47:00),450012786 (15:48:00),450012785 (15:49:00),450012515 (15:50:00),450012522 (15:53:00),450012572 (15:54:00),450012571 (15:55:00),450012350 (15:57:00),450012347 (15:58:00),450012346 (16:00:00),450012344 (16:01:00),450026788 (16:03:00),450024146 (16:06:00),450010964 (16:07:00),450011444 (16:08:00),450011450 (16:10:00),450010965 (16:12:00),450010966 (16:13:00),450010967 (16:15:00),450011436 (16:17:00),450010968 (16:20:00),450010969 (16:22:00),450011440 (16:24:00),450024093 (16:26:00),450010970 (16:29:00),450010664 (16:32:00),450010665 (16:34:00),450012385 (16:35:00),450010679 (16:38:00),450014781 (16:41:00),450014783 (16:43:00),450013985 (16:45:00),450013986 (16:46:00),450013987 (16:48:00),450013988 (16:50:00),450010299 (16:51:00),450010725 (16:53:00),450013998 (16:54:00),450013997 (16:56:00),450013996 (16:57:00),450013934 (17:00:00),450013935 (17:01:00),450013936 (17:02:00),450011021 (17:03:00),450013937 (17:05:00),450013938 (17:06:00),450013939 (17:07:00),450013940 (17:09:00),450010849 (17:10:00),450013748 (17:11:00),450013767 (17:13:00),450013768 (17:14:00),450013769 (17:14:00),450013771 (17:16:00),450010852 (17:17:00)
450012792 (15:57:00),450012789 (15:59:00),450012786 (16:01:00),450012785 (16:02:00),450012515 (16:03:00),450012522 (16:06:00),450012572 (16:07:00),450012571 (16:09:00),450012350 (16:11:00),450012347 (16:12:00),450012346 (16:14:00),450012344 (16:15:00),450026788 (16:17:00),450024146 (16:21:00),450010964 (16:22:00),450011444 (16:23:00),450011450 (16:24:00),450010965 (16:25:00),450010966 (16:26:00),450010967 (16:27:00),450011436 (16:28:00),450010968 (16:30:00),450010969 (16:32:00),450011440 (16:34:00),450024093 (16:36:00),450010970 (16:39:00),450010664 (16:42:00),450010665 (16:44:00),450012385 (16:45:00),450010679 (16:48:00),450014781 (16:51:00),450014783 (16:52:00),450013985 (16:55:00),450013986 (16:56:00),450013987 (16:58:00),450013988 (16:59:00),450010299 (17:01:00),450010725 (17:02:00),450013998 (17:04:00),450013997 (17:05:00),450013996 (17:06:00),450013934 (17:09:00),450013935 (17:10:00),450013936 (17:11:00),450011021 (17:12:00),450013937 (17:14:00),450013938 (17:15:00),450013939 (17:17:00),450013940 (17:19:00),450010849 (17:20:00),450013748 (17:21:00),450013767 (17:22:00),450013768 (17:23:00),450013769 (17:24:00),450013771 (17:26:00),450010852 (17:27:00)
450012792 (16:09:00),450012789 (16:11:00),450012786 (16:12:00),450012785 (16:13:00),450012515 (16:14:00),450012522 (16:17:00),450012572 (16:18:00),450012571 (16:19:00),450012350 (16:21:00),450012347 (16:22:00),450012346 (16:24:00),450012344 (16:25:00),450026788 (16:27:00),450024146 (16:30:00),450010964 (16:31:00),450011444 (16:32:00),450011450 (16:33:00),450010965 (16:34:00),450010966 (16:35:00),450010967 (16:36:00),450011436 (16:37:00),450010968 (16:39:00),450010969 (16:41:00),450011440 (16:43:00),450024093 (16:46:00),450010970 (16:49:00),450010664 (16:52:00),450010665 (16:54:00),450012385 (16:55:00),450010679 (16:59:00),450014781 (17:02:00),450014783 (17:04:00),450013985 (17:06:00),450013986 (17:07:00),450013987 (17:09:00),450013988 (17:11:00),450010299 (17:13:00),450010725 (17:14:00),450013998 (17:16:00),450013997 (17:18:00),450013996 (17:19:00),450013934 (17:22:00),450013935 (17:23:00),450013936 (17:24:00),450011021 (17:25:00),450013937 (17:27:00),450013938 (17:27:00),450013939 (17:28:00),450013940 (17:30:00),450010849 (17:31:00),450013748 (17:32:00),450013767 (17:33:00),450013768 (17:34:00),450013769 (17:35:00),450013771 (17:36:00),450010852 (17:37:00)
450012792 (16:19:00),450012789 (16:21:00),450012786 (16:22:00),450012785 (16:23:00),450012515 (16:24:00),450012522 (16:27:00),450012572 (16:28:00),450012571 (16:29:00),450012350 (16:31:00),450012347 (16:32:00),450012346 (16:34:00),450012344 (16:35:00),450026788 (16:37:00),450024146 (16:40:00),450010964 (16:41:00),450011444 (16:42:00),450011450 (16:43:00),450010965 (16:44:00),450010966 (16:45:00),450010967 (16:46:00),450011436 (16:47:00),450010968 (16:49:00),450010969 (16:51:00),450011440 (16:53:00),450024093 (16:56:00),450010970 (16:59:00),450010664 (17:02:00),450010665 (17:04:00),450012385 (17:05:00),450010679 (17:09:00),450014781 (17:12:00),450014783 (17:14:00),450013985 (17:16:00),450013986 (17:17:00),450013987 (17:19:00),450013988 (17:21:00),450010299 (17:23:00),450010725 (17:24:00),450013998 (17:26:00),450013997 (17:28:00),450013996 (17:29:00),450013934 (17:32:00),450013935 (17:33:00),450013936 (17:34:00),450011021 (17:35:00),450013937 (17:37:00),450013938 (17:37:00),450013939 (17:38:00),450013940 (17:40:00),450010849 (17:41:00),450013748 (17:42:00),450013767 (17:43:00),450013768 (17:44:00),450013769 (17:45:00),450013771 (17:46:00),450010852 (17:47:00)
450012792 (16:29:00),450012789 (16:31:00),450012786 (16:32:00),450012785 (16:33:00),450012515 (16:34:00),450012522 (16:37:00),450012572 (16:38:00),450012571 (16:39:00),450012350 (16:41:00),450012347 (16:42:00),450012346 (16:44:00),450012344 (16:45:00),450026788 (16:47:00),450024146 (16:50:00),450010964 (16:51:00),450011444 (16:52:00),450011450 (16:53:00),450010965 (16:54:00),450010966 (16:55:00),450010967 (16:56:00),450011436 (16:57:00),450010968 (16:59:00),450010969 (17:01:00),450011440 (17:03:00),450024093 (17:06:00),450010970 (17:09:00),450010664 (17:12:00),450010665 (17:14:00),450012385 (17:15:00),450010679 (17:19:00),450014781 (17:22:00),450014783 (17:24:00),450013985 (17:26:00),450013986 (17:27:00),450013987 (17:29:00),450013988 (17:31:00),450010299 (17:33:00),450010725 (17:34:00),450013998 (17:36:00),450013997 (17:38:00),450013996 (17:39:00),450013934 (17:42:00),450013935 (17:43:00),450013936 (17:44:00),450011021 (17:45:00),450013937 (17:47:00),450013938 (17:47:00),450013939 (17:48:00),450013940 (17:50:00),450010849 (17:51:00),450013748 (17:52:00),450013767 (17:53:00),450013768 (17:54:00),450013769 (17:55:00),450013771 (17:56:00),450010852 (17:57:00)
450012792 (16:39:00),450012789 (16:41:00),450012786 (16:42:00),450012785 (16:43:00),450012515 (16:44:00),450012522 (16:47:00),450012572 (16:48:00),450012571 (16:49:00),450012350 (16:51:00),450012347 (16:52:00),450012346 (16:54:00),450012344 (16:55:00),450026788 (16:57:00),450024146 (17:00:00),450010964 (17:01:00),450011444 (17:02:00),450011450 (17:03:00),450010965 (17:04:00),450010966 (17:05:00),450010967 (17:06:00),450011436 (17:07:00),450010968 (17:09:00),450010969 (17:12:00),450011440 (17:13:00),450024093 (17:16:00),450010970 (17:19:00),450010664 (17:23:00),450010665 (17:25:00),450012385 (17:26:00),450010679 (17:30:00),450014781 (17:33:00),450014783 (17:35:00),450013985 (17:37:00),450013986 (17:38:00),450013987 (17:40:00),450013988 (17:42:00),450010299 (17:43:00),450010725 (17:45:00),450013998 (17:46:00),450013997 (17:48:00),450013996 (17:49:00),450013934 (17:52:00),450013935 (17:53:00),450013936 (17:54:00),450011021 (17:54:00),450013937 (17:56:00),450013938 (17:57:00),450013939 (17:57:00),450013940 (17:59:00),450010849 (18:00:00),450013748 (18:01:00),450013767 (18:02:00),450013768 (18:02:00),450013769 (18:03:00),450013771 (18:04:00),450010852 (18:05:00)
450012792 (16:50:00),450012789 (16:52:00),450012786 (16:54:00),450012785 (16:55:00),450012515 (16:56:00),450012522 (16:59:00),450012572 (17:00:00),450012571 (17:02:00),450012350 (17:04:00),450012347 (17:06:00),450012346 (17:07:00),450012344 (17:09:00),450026788 (17:11:00),450024146 (17:14:00),450010964 (17:16:00),450011444 (17:17:00),450011450 (17:18:00),450010965 (17:19:00),450010966 (17:20:00),450010967 (17:21:00),450011436 (17:22:00),450010968 (17:24:00),450010969 (17:27:00),450011440 (17:28:00),450024093 (17:31:00),450010970 (17:34:00),450010664 (17:38:00),450010665 (17:40:00),450012385 (17:41:00),450010679 (17:45:00),450014781 (17:47:00),450014783 (17:49:00),450013985 (17:51:00),450013986 (17:52:00),450013987 (17:54:00),450013988 (17:55:00),450010299 (17:56:00),450010725 (17:58:00),450013998 (17:59:00),450013997 (18:01:00),450013996 (18:02:00),450013934 (18:04:00),450013935 (18:05:00),450013936 (18:06:00),450011021 (18:06:00),450013937 (18:08:00),450013938 (18:09:00),450013939 (18:09:00),450013940 (18:11:00),450010849 (18:12:00),450013748 (18:13:00),450013767 (18:14:00),450013768 (18:14:00),450013769 (18:15:00),450013771 (18:16:00),450010852 (18:17:00)
450012792 (17:07:00),450012789 (17:09:00),450012786 (17:10:00),450012785 (17:11:00),450012515 (17:12:00),450012522 (17:15:00),450012572 (17:16:00),450012571 (17:18:00),450012350 (17:20:00),450012347 (17:22:00),450012346 (17:23:00),450012344 (17:25:00),450026788 (17:26:00),450024146 (17:30:00),450010964 (17:31:00),450011444 (17:32:00),450011450 (17:33:00),450010965 (17:34:00),450010966 (17:35:00),450010967 (17:36:00),450011436 (17:37:00),450010968 (17:39:00),450010969 (17:42:00),450011440 (17:43:00),450024093 (17:46:00),450010970 (17:49:00),450010664 (17:53:00),450010665 (17:55:00),450012385 (17:56:00),450010679 (18:00:00),450014781 (18:02:00),450014783 (18:04:00),450013985 (18:06:00),450013986 (18:07:00),450013987 (18:09:00),450013988 (18:10:00),450010299 (18:11:00),450010725 (18:13:00),450013998 (18:14:00),450013997 (18:16:00),450013996 (18:17:00),450013934 (18:19:00),450013935 (18:20:00),450013936 (18:21:00),450011021 (18:21:00),450013937 (18:23:00),450013938 (18:24:00),450013939 (18:24:00),450013940 (18:26:00),450010849 (18:27:00),450013748 (18:28:00),450013767 (18:29:00),450013768 (18:29:00),450013769 (18:30:00),450013771 (18:31:00),450010852 (18:32:00)
450012792 (17:31:00),450012789 (17:32:00),450012786 (17:34:00),450012785 (17:35:00),450012515 (17:36:00),450012522 (17:38:00),450012572 (17:39:00),450012571 (17:40:00),450012350 (17:42:00),450012347 (17:43:00),450012346 (17:44:00),450012344 (17:46:00),450026788 (17:47:00),450024146 (17:50:00),450010964 (17:51:00),450011444 (17:52:00),450011450 (17:53:00),450010965 (17:54:00),450010966 (17:55:00),450010967 (17:56:00),450011436 (17:57:00),450010968 (17:59:00),450010969 (18:01:00),450011440 (18:02:00),450024093 (18:04:00),450010970 (18:07:00),450010664 (18:09:00),450010665 (18:11:00),450012385 (18:12:00),450010679 (18:15:00),450014781 (18:17:00),450014783 (18:19:00),450013985 (18:21:00),450013986 (18:22:00),450013987 (18:24:00),450013988 (18:25:00),450010299 (18:26:00),450010725 (18:28:00),450013998 (18:29:00),450013997 (18:31:00),450013996 (18:32:00),450013934 (18:34:00),450013935 (18:35:00),450013936 (18:36:00),450011021 (18:36:00),450013937 (18:38:00),450013938 (18:39:00),450013939 (18:39:00),450013940 (18:41:00),450010849 (18:42:00),450013748 (18:43:00),450013767 (18:44:00),450013768 (18:44:00),450013769 (18:45:00),450013771 (18:46:00),450010852 (18:47:00)
450012792 (17:42:00),450012789 (17:44:00),450012786 (17:45:00),450012785 (17:46:00),450012515 (17:47:00),450012522 (17:50:00),450012572 (17:51:00),450012571 (17:52:00),450012350 (17:54:00),450012347 (17:55:00),450012346 (17:57:00),450012344 (17:58:00),450026788 (18:00:00),450024146 (18:03:00),450010964 (18:04:00),450011444 (18:05:00),450011450 (18:06:00),450010965 (18:07:00),450010966 (18:08:00),450010967 (18:09:00),450011436 (18:10:00),450010968 (18:12:00),450010969 (18:14:00),450011440 (18:15:00),450024093 (18:17:00),450010970 (18:20:00),450010664 (18:22:00),450010665 (18:24:00),450012385 (18:25:00),450010679 (18:28:00),450014781 (18:30:00),450014783 (18:32:00),450013985 (18:34:00),450013986 (18:35:00),450013987 (18:37:00),450013988 (18:38:00),450010299 (18:39:00),450010725 (18:41:00),450013998 (18:42:00),450013997 (18:44:00),450013996 (18:45:00),450013934 (18:47:00),450013935 (18:48:00),450013936 (18:49:00),450011021 (18:49:00),450013937 (18:51:00),450013938 (18:52:00),450013939 (18:52:00),450013940 (18:54:00),450010849 (18:55:00),450013748 (18:56:00),450013767 (18:57:00),450013768 (18:57:00),450013769 (18:58:00),450013771 (18:59:00),450010852 (19:00:00)
450012792 (18:04:00),450012789 (18:05:00),450012786 (18:07:00),450012785 (18:08:00),450012515 (18:09:00),450012522 (18:11:00),450012572 (18:12:00),450012571 (18:13:00),450012350 (18:15:00),450012347 (18:16:00),450012346 (18:17:00),450012344 (18:19:00),450026788 (18:20:00),450024146 (18:23:00),450010964 (18:24:00),450011444 (18:25:00),450011450 (18:26:00),450010965 (18:27:00),450010966 (18:28:00),450010967 (18:29:00),450011436 (18:30:00),450010968 (18:32:00),450010969 (18:34:00),450011440 (18:35:00),450024093 (18:37:00),450010970 (18:40:00),450010664 (18:42:00),450010665 (18:44:00),450012385 (18:45:00),450010679 (18:48:00),450014781 (18:50:00),450014783 (18:52:00),450013985 (18:54:00),450013986 (18:55:00),450013987 (18:57:00),450013988 (18:58:00),450010299 (18:59:00),450010725 (19:01:00),450013998 (19:02:00),450013997 (19:04:00),450013996 (19:05:00),450013934 (19:07:00),450013935 (19:08:00),450013936 (19:09:00),450011021 (19:09:00),450013937 (19:11:00),450013938 (19:12:00),450013939 (19:12:00),450013940 (19:14:00),450010849 (19:15:00),450013748 (19:16:00),450013767 (19:17:00),450013768 (19:17:00),450013769 (19:18:00),450013771 (19:19:00),450010852 (19:20:00)
450012792 (18:24:00),450012789 (18:25:00),450012786 (18:26:00),450012785 (18:27:00),450012515 (18:27:00),450012522 (18:29:00),450012572 (18:30:00),450012571 (18:31:00),450012350 (18:32:00),450012347 (18:33:00),450012346 (18:34:00),450012344 (18:35:00),450026788 (18:36:00),450024146 (18:38:00),450010964 (18:39:00),450011444 (18:40:00),450011450 (18:41:00),450010965 (18:42:00),450010966 (18:43:00),450010967 (18:44:00),450011436 (18:45:00),450010968 (18:47:00),450010969 (18:49:00),450011440 (18:50:00),450024093 (18:52:00),450010970 (18:55:00),450010664 (18:57:00),450010665 (18:59:00),450012385 (19:00:00),450010679 (19:03:00),450014781 (19:05:00),450014783 (19:06:00),450013985 (19:08:00),450013986 (19:09:00),450013987 (19:10:00),450013988 (19:11:00),450010299 (19:12:00),450010725 (19:13:00),450013998 (19:14:00),450013997 (19:15:00),450013996 (19:16:00),450013934 (19:18:00),450013935 (19:19:00),450013936 (19:20:00),450011021 (19:20:00),450013937 (19:22:00),450013938 (19:23:00),450013939 (19:24:00),450013940 (19:25:00),450010849 (19:26:00),450013748 (19:27:00),450013767 (19:28:00),450013768 (19:29:00),450013769 (19:30:00),450013771 (19:31:00),450010852 (19:32:00)
450012792 (18:57:00),450012789 (18:58:00),450012786 (18:59:00),450012785 (19:00:00),450012515 (19:00:00),450012522 (19:02:00),450012572 (19:03:00),450012571 (19:03:00),450012350 (19:05:00),450012347 (19:06:00),450012346 (19:06:00),450012344 (19:07:00),450026788 (19:08:00),450024146 (19:10:00),450010964 (19:11:00),450011444 (19:12:00),450011450 (19:13:00),450010965 (19:14:00),450010966 (19:15:00),450010967 (19:16:00),450011436 (19:17:00),450010968 (19:19:00),450010969 (19:21:00),450011440 (19:22:00),450024093 (19:24:00),450010970 (19:27:00),450010664 (19:29:00),450010665 (19:31:00),450012385 (19:32:00),450010679 (19:35:00),450014781 (19:37:00),450014783 (19:38:00),450013985 (19:40:00),450013986 (19:40:00),450013987 (19:41:00),450013988 (19:42:00),450010299 (19:43:00),450010725 (19:44:00),450013998 (19:45:00),450013997 (19:46:00),450013996 (19:47:00),450013934 (19:49:00),450013935 (19:50:00),450013936 (19:50:00),450011021 (19:51:00),450013937 (19:52:00),450013938 (19:53:00),450013939 (19:54:00),450013940 (19:55:00),450010849 (19:56:00),450013748 (19:56:00),450013767 (19:57:00),450013768 (19:58:00),450013769 (19:58:00),450013771 (19:59:00),450010852 (20:00:00)
450012792 (19:31:00),450012789 (19:32:00),450012786 (19:33:00),450012785 (19:34:00),450012515 (19:34:00),450012522 (19:36:00),450012572 (19:37:00),450012571 (19:37:00),450012350 (19:39:00),450012347 (19:40:00),450012346 (19:40:00),450012344 (19:41:00),450026788 (19:42:00),450024146 (19:44:00),450010964 (19:45:00),450011444 (19:46:00),450011450 (19:47:00),450010965 (19:48:00),450010966 (19:49:00),450010967 (19:50:00),450011436 (19:51:00),450010968 (19:53:00),450010969 (19:55:00),450011440 (19:56:00),450024093 (19:58:00),450010970 (20:01:00),450010664 (20:03:00),450010665 (20:05:00),450012385 (20:06:00),450010679 (20:09:00),450014781 (20:11:00),450014783 (20:12:00),450013985 (20:14:00),450013986 (20:14:00),450013987 (20:15:00),450013988 (20:16:00),450010299 (20:17:00),450010725 (20:18:00),450013998 (20:19:00),450013997 (20:20:00),450013996 (20:21:00),450013934 (20:23:00),450013935 (20:24:00),450013936 (20:24:00),450011021 (20:25:00),450013937 (20:26:00),450013938 (20:27:00),450013939 (20:28:00),450013940 (20:29:00),450010849 (20:30:00),450013748 (20:30:00),450013767 (20:31:00),450013768 (20:32:00),450013769 (20:32:00),450013771 (20:33:00),450010852 (20:34:00)
450012792 (20:01:00),450012789 (20:02:00),450012786 (20:03:00),450012785 (20:04:00),450012515 (20:04:00),450012522 (20:06:00),450012572 (20:07:00),450012571 (20:07:00),450012350 (20:09:00),450012347 (20:10:00),450012346 (20:10:00),450012344 (20:11:00),450026788 (20:12:00),450024146 (20:14:00),450010964 (20:15:00),450011444 (20:16:00),450011450 (20:17:00),450010965 (20:18:00),450010966 (20:19:00),450010967 (20:20:00),450011436 (20:21:00),450010968 (20:23:00),450010969 (20:25:00),450011440 (20:26:00),450024093 (20:28:00),450010970 (20:31:00),450010664 (20:33:00),450010665 (20:35:00),450012385 (20:36:00),450010679 (20:39:00),450014781 (20:41:00),450014783 (20:42:00),450013985 (20:44:00),450013986 (20:44:00),450013987 (20:45:00),450013988 (20:46:00),450010299 (20:47:00),450010725 (20:48:00),450013998 (20:49:00),450013997 (20:50:00),450013996 (20:51:00),450013934 (20:53:00),450013935 (20:54:00),450013936 (20:54:00),450011021 (20:55:00),450013937 (20:56:00),450013938 (20:57:00),450013939 (20:58:00),450013940 (20:59:00),450010849 (21:00:00),450013748 (21:00:00),450013767 (21:01:00),450013768 (21:02:00),450013769 (21:02:00),450013771 (21:03:00),450010852 (21:04:00)
450012792 (20:39:00),450012789 (20:40:00),450012786 (20:41:00),450012785 (20:42:00),450012515 (20:42:00),450012522 (20:44:00),450012572 (20:45:00),450012571 (20:45:00),450012350 (20:47:00),450012347 (20:48:00),450012346 (20:48:00),450012344 (20:49:00),450026788 (20:50:00),450024146 (20:52:00),450010964 (20:53:00),450011444 (20:54:00),450011450 (20:54:00),450010965 (20:55:00),450010966 (20:56:00),450010967 (20:57:00),450011436 (20:58:00),450010968 (20:59:00),450010969 (21:00:00),450011440 (21:01:00),450024093 (21:03:00),450010970 (21:04:00),450010664 (21:06:00),450010665 (21:07:00),450012385 (21:08:00),450010679 (21:10:00),450014781 (21:11:00),450014783 (21:12:00),450013985 (21:14:00),450013986 (21:14:00),450013987 (21:15:00),450013988 (21:16:00),450010299 (21:17:00),450010725 (21:18:00),450013998 (21:19:00),450013997 (21:20:00),450013996 (21:20:00),450013934 (21:22:00),450013935 (21:23:00),450013936 (21:23:00),450011021 (21:24:00),450013937 (21:25:00),450013938 (21:26:00),450013939 (21:27:00),450013940 (21:28:00),450010849 (21:29:00),450013748 (21:29:00),450013767 (21:30:00),450013768 (21:31:00),450013769 (21:31:00),450013771 (21:32:00),450010852 (21:33:00)
450012792 (21:09:00),450012789 (21:10:00),450012786 (21:11:00),450012785 (21:12:00),450012515 (21:12:00),450012522 (21:14:00),450012572 (21:15:00),450012571 (21:15:00),450012350 (21:17:00),450012347 (21:18:00),450012346 (21:18:00),450012344 (21:19:00),450026788 (21:20:00),450024146 (21:22:00),450010964 (21:23:00),450011444 (21:24:00),450011450 (21:24:00),450010965 (21:25:00),450010966 (21:26:00),450010967 (21:27:00),450011436 (21:28:00),450010968 (21:29:00),450010969 (21:30:00),450011440 (21:31:00),450024093 (21:33:00),450010970 (21:34:00),450010664 (21:36:00),450010665 (21:37:00),450012385 (21:38:00),450010679 (21:40:00),450014781 (21:41:00),450014783 (21:42:00),450013985 (21:44:00),450013986 (21:44:00),450013987 (21:45:00),450013988 (21:46:00),450010299 (21:47:00),450010725 (21:48:00),450013998 (21:49:00),450013997 (21:50:00),450013996 (21:50:00),450013934 (21:52:00),450013935 (21:53:00),450013936 (21:53:00),450011021 (21:54:00),450013937 (21:55:00),450013938 (21:56:00),450013939 (21:57:00),450013940 (21:58:00),450010849 (21:59:00),450013748 (21:59:00),450013767 (22:00:00),450013768 (22:01:00),450013769 (22:01:00),450013771 (22:02:00),450010852 (22:03:00)
450012792 (21:39:00),450012789 (21:40:00),450012786 (21:41:00),450012785 (21:42:00),450012515 (21:42:00),450012522 (21:44:00),450012572 (21:45:00),450012571 (21:45:00),450012350 (21:47:00),450012347 (21:48:00),450012346 (21:48:00),450012344 (21:49:00),450026788 (21:50:00),450024146 (21:52:00),450010964 (21:53:00),450011444 (21:54:00),450011450 (21:54:00),450010965 (21:55:00),450010966 (21:56:00),450010967 (21:57:00),450011436 (21:58:00),450010968 (21:59:00),450010969 (22:00:00),450011440 (22:01:00),450024093 (22:03:00),450010970 (22:04:00),450010664 (22:06:00),450010665 (22:07:00),450012385 (22:08:00),450010679 (22:10:00),450014781 (22:11:00),450014783 (22:12:00),450013985 (22:14:00),450013986 (22:14:00),450013987 (22:15:00),450013988 (22:16:00),450010299 (22:17:00),450010725 (22:18:00),450013998 (22:19:00),450013997 (22:20:00),450013996 (22:20:00),450013934 (22:22:00),450013935 (22:23:00),450013936 (22:23:00),450011021 (22:24:00),450013937 (22:25:00),450013938 (22:26:00),450013939 (22:27:00),450013940 (22:28:00),450010849 (22:29:00),450013748 (22:29:00),450013767 (22:30:00),450013768 (22:31:00),450013769 (22:31:00),450013771 (22:32:00),450010852 (22:33:00)
450012792 (22:09:00),450012789 (22:10:00),450012786 (22:11:00),450012785 (22:12:00),450012515 (22:12:00),450012522 (22:14:00),450012572 (22:15:00),450012571 (22:15:00),450012350 (22:17:00),450012347 (22:18:00),450012346 (22:18:00),450012344 (22:19:00),450026788 (22:20:00),450024146 (22:22:00),450010964 (22:23:00),450011444 (22:24:00),450011450 (22:24:00),450010965 (22:25:00),450010966 (22:26:00),450010967 (22:27:00),450011436 (22:28:00),450010968 (22:29:00),450010969 (22:30:00),450011440 (22:31:00),450024093 (22:33:00),450010970 (22:34:00),450010664 (22:36:00),450010665 (22:37:00),450012385 (22:38:00),450010679 (22:40:00),450014781 (22:41:00),450014783 (22:42:00),450013985 (22:44:00),450013986 (22:44:00),450013987 (22:45:00),450013988 (22:46:00),450010299 (22:47:00),450010725 (22:48:00),450013998 (22:49:00),450013997 (22:50:00),450013996 (22:50:00),450013934 (22:52:00),450013935 (22:53:00),450013936 (22:53:00),450011021 (22:54:00),450013937 (22:55:00),450013938 (22:56:00),450013939 (22:57:00),450013940 (22:58:00),450010849 (22:59:00),450013748 (22:59:00),450013767 (23:00:00),450013768 (23:01:00),450013769 (23:01:00),450013771 (23:02:00),450010852 (23:03:00)
450012792 (22:39:00),450012789 (22:40:00),450012786 (22:41:00),450012785 (22:42:00),450012515 (22:42:00),450012522 (22:44:00),450012572 (22:45:00),450012571 (22:45:00),450012350 (22:47:00),450012347 (22:48:00),450012346 (22:48:00),450012344 (22:49:00),450026788 (22:50:00),450024146 (22:52:00),450010964 (22:53:00),450011444 (22:54:00),450011450 (22:54:00),450010965 (22:55:00),450010966 (22:56:00),450010967 (22:57:00),450011436 (22:58:00),450010968 (22:59:00),450010969 (23:00:00),450011440 (23:01:00),450024093 (23:03:00),450010970 (23:04:00),450010664 (23:06:00),450010665 (23:07:00),450012385 (23:08:00),450010679 (23:10:00),450014781 (23:11:00),450014783 (23:12:00),450013985 (23:14:00),450013986 (23:14:00),450013987 (23:15:00),450013988 (23:16:00),450010299 (23:17:00),450010725 (23:18:00),450013998 (23:19:00),450013997 (23:20:00),450013996 (23:20:00),450013934 (23:22:00),450013935 (23:23:00),450013936 (23:23:00),450011021 (23:24:00),450013937 (23:25:00),450013938 (23:26:00),450013939 (23:27:00),450013940 (23:28:00),450010849 (23:29:00),450013748 (23:29:00),450013767 (23:30:00),450013768 (23:31:00),450013769 (23:31:00),450013771 (23:32:00),450010852 (23:33:00)
